epic_id,final_manual_label,decisive_failure_mode,decisive_period_hypothesis,key_supporting_metrics,v0_2_blocking_reason,did_v0_2_handle_correctly,proposed_v0_3_diagnostic,change_classification,notes
EPIC_211624954,uncertain_hold_positive,Untrusted period with a possible near-equal secondary at 2P; remains an uncertain positive hold and must not be promoted.,"P is unresolved; 2P = 3.07842 d is the concerning competing hypothesis, not a confirmed EB solution.","2P: primary SNR=2.7581, secondary SNR=2.5696, secondary/primary=0.9564, odd/even=0.891, OOT/depth=0.3876, coherence=moderate (0.6339), secondary=concerning",incomplete_or_uncertain_candidate_evidence; primary_gate=gate6_conservative_hold; hold_gates=none; penalties=gate2_fallback_period_context,yes_for_non_promotion_and_recorded_v0_2_block,Record the 2P competing-secondary result and explicit non-promotion outcome in the rule trace; retain manual hold handling.,recording_change_only,Possible 2P EB concern is insufficient to alter the uncertain_hold_positive label.
EPIC_211687388,false_positive_eb_or_variable,"Competing-period EB/variable evidence, including a stronger coherent secondary at 2P.",2P = 24.14212 d competing EB hypothesis.,"2P: primary SNR=3.6634, secondary SNR=4.7906, secondary/primary=1.3223, odd/even=0.8924, OOT/depth=0.3206, coherence=strong (0.9364), secondary=concerning",gate_blocked_candidate_hold; primary_gate=gate3_odd_even_ratio_le_0.75; hold_gates=gate3_odd_even_ratio_le_0.75; penalties=gate2_fallback_period_context,yes_for_non_promotion_but_not_for_decisive_2P_failure_mode,"Mandatory 2P competing-EB veto using the secondary assessment, secondary/primary depth ratio, secondary SNR, odd/even, coherence, and OOT context.",stage_g_logic_change_required,v0.2 blocked on nominal-period odd/even evidence; the decisive manual interpretation came from competing-period review.
EPIC_211768304,false_positive_eb_or_variable,"Coherent near-equal secondary structure at 2P with odd/even concern, elevated OOT variability, and an untrusted period.",2P = 19.6963 d weak EB/stellar false-positive hypothesis.,"2P: primary SNR=3.013, secondary SNR=2.5502, secondary/primary=0.8578, odd/even=0.6969, OOT/depth=0.7189, coherence=strong (0.7815), secondary=concerning",gate_blocked_candidate_hold; primary_gate=gate4_oot_to_depth_ge_0.30; hold_gates=gate4_oot_to_depth_ge_0.30; penalties=gate2_fallback_period_context,yes_for_non_promotion_but_not_for_decisive_2P_failure_mode,"Mandatory 2P competing-EB veto using the secondary assessment, secondary/primary depth ratio, secondary SNR, odd/even, coherence, and OOT context.",stage_g_logic_change_required,The listed validation_summary.json is absent locally; validation_summary_1.json and the EPIC period_comparison.csv provide the source evidence.
EPIC_211996306,reject_as_noise_or_artifact,"Weak, unreliable event evidence with excessive surrounding variability.","No credible period; P/2, P, and 2P remain weak or variability-dominated.",P/2/P/2P primary SNR=1.6621/2.87/2.1847; OOT/depth=1.0045/1.0497/0.6517; event support=6/8/5; baseline=insufficient_events/insufficient_events/insufficient_events,gate_blocked_candidate_hold; primary_gate=gate4_oot_to_depth_ge_0.50; hold_gates=gate4_oot_to_depth_ge_0.50; penalties=gate2_fallback_period_context|weak_primary_depth_snr,yes_for_non_promotion_and_recorded_v0_2_block,Retain the existing OOT/depth and weak-primary handling; no new behavioral diagnostic is supported by this review.,no_change_required,"Although 2P has a concerning secondary metric, the final manual label is noise/artifact and must not be changed to EB."
EPIC_211959909,false_positive_eb_or_variable,Strong coherent secondary/EB interpretation at 2P.,2P = 9.69822 d competing EB hypothesis.,"2P: primary SNR=6.0149, secondary SNR=4.9985, secondary/primary=0.8259, odd/even=0.7303, OOT/depth=0.3422, coherence=strong (0.7803), secondary=concerning",gate_blocked_candidate_hold; primary_gate=gate4_oot_to_depth_ge_0.50; hold_gates=gate4_oot_to_depth_ge_0.50; penalties=gate2_fallback_period_context|weak_primary_depth_snr,yes_for_non_promotion_but_not_for_decisive_2P_failure_mode,"Mandatory 2P competing-EB veto using the secondary assessment, secondary/primary depth ratio, secondary SNR, odd/even, coherence, and OOT context.",stage_g_logic_change_required,v0.2 already blocked promotion through high OOT at P; the 2P evidence supplies the decisive failure mode.
EPIC_211912465,reject_as_noise_or_artifact,"Period-inconsistent and insufficiently reproducible event evidence across P/2, P, and 2P.","No credible period; P/2 = 6.005 d, P = 12.01 d, and 2P = 24.02 d are inconsistent and sparsely supported.",P/2/P/2P primary SNR=5.9948/29.2996/2.7215; OOT/depth=0/0.0558/0.4073; event support=4/5/4; baseline=insufficient_events/insufficient_events/insufficient_events,incomplete_or_uncertain_candidate_evidence; primary_gate=gate6_conservative_hold; hold_gates=none; penalties=gate2_fallback_period_context|gate4_oot_to_depth_missing|missing_odd_even_depth_ratio|missing_oot_to_depth,yes_for_non_promotion_and_recorded_v0_2_block,"Record cross-period inconsistency, event counts, and insufficient-baseline status as structured trace fields; retain conservative blocking behavior.",recording_change_only,A large 2P secondary metric is not treated as a reliable EB decision because the manual review found the competing-event selection implausible.
EPIC_211485867,false_positive_eb_or_variable,"Coherently repeated, near-equal primary and secondary eclipses at 2P.",2P = 11.5471039646 d eclipsing-binary hypothesis; nominal P is the half-period fold.,"2P: primary SNR=4.346, secondary SNR=3.9175, secondary/primary=0.901, odd/even=0.6997, OOT/depth=0.6839, coherence=strong (0.8347), secondary=concerning",incomplete_or_uncertain_candidate_evidence; primary_gate=gate6_conservative_hold; hold_gates=none; penalties=gate2_fallback_period_context|gate4_oot_to_depth_missing|missing_odd_even_depth_ratio|missing_oot_to_depth,yes_for_non_promotion_but_not_for_decisive_2P_failure_mode,"Mandatory 2P competing-EB veto using the secondary assessment, secondary/primary depth ratio, secondary SNR, odd/even, coherence, and OOT context.",stage_g_logic_change_required,v0.2 conservatively held the target but did not encode the decisive 2P EB interpretation.
EPIC_211387236,false_positive_eb_or_variable,"Strong coherent, near-equal primary and secondary eclipses at approximately 16.96 d.",2P = 16.9583 d eclipsing-binary hypothesis.,"2P: primary SNR=9.587, secondary SNR=8.5906, secondary/primary=0.9088, odd/even=0.6825, OOT/depth=0.6988, coherence=strong (0.7789), secondary=concerning",incomplete_or_uncertain_candidate_evidence; primary_gate=gate6_conservative_hold; hold_gates=none; penalties=gate2_fallback_period_context|gate4_oot_to_depth_missing|missing_odd_even_depth_ratio|missing_oot_to_depth,yes_for_non_promotion_but_not_for_decisive_2P_failure_mode,"Mandatory 2P competing-EB veto using the secondary assessment, secondary/primary depth ratio, secondary SNR, odd/even, coherence, and OOT context.",stage_g_logic_change_required,v0.2 conservatively held the target; 2P provides the decisive EB evidence.
EPIC_211889082,false_positive_eb_or_variable,"Broad coherent stellar modulation with unresolved period, odd/even concern, and near-equal structure at 2P.",2P = 3.7504047421 d variable/contact-binary hypothesis.,"2P: primary SNR=2.7726, secondary SNR=2.2298, secondary/primary=0.8704, odd/even=0.8629, OOT/depth=0.5913, coherence=moderate (0.6633), secondary=concerning",incomplete_or_uncertain_candidate_evidence; primary_gate=gate6_conservative_hold; hold_gates=none; penalties=gate2_fallback_period_context|gate4_oot_to_depth_missing|missing_odd_even_depth_ratio|missing_oot_to_depth,yes_for_non_promotion_but_not_for_decisive_2P_failure_mode,"Mandatory 2P competing-EB veto using the secondary assessment, secondary/primary depth ratio, secondary SNR, odd/even, coherence, and OOT context.",stage_g_logic_change_required,"The review supports a variable/contact-binary interpretation, not a planet-like promotion."
EPIC_211816343,false_positive_eb_or_variable,"Broad periodic modulation, very high OOT/depth, and near-equal structures at 2P.",2P = 1.29128 d EB/stellar-variable hypothesis.,"2P: primary SNR=1.5749, secondary SNR=1.6146, secondary/primary=1.0122, odd/even=0.9572, OOT/depth=0.5182, coherence=moderate (0.732), secondary=concerning",gate_blocked_candidate_hold; primary_gate=gate4_oot_to_depth_ge_0.50; hold_gates=gate4_oot_to_depth_ge_0.50; penalties=gate2_fallback_period_context,yes_for_non_promotion_but_not_for_decisive_2P_failure_mode,"Mandatory 2P competing-EB veto using the secondary assessment, secondary/primary depth ratio, secondary SNR, odd/even, coherence, and OOT context.",stage_g_logic_change_required,v0.2 correctly blocked promotion via OOT/depth; the explicit 2P veto would encode the decisive interpretation.
EPIC_212029934,false_positive_eb_or_variable,Coherent broad stellar modulation with near-equal primary and secondary features at 2P.,2P = 2.49268 d contact-binary or ellipsoidal-variable hypothesis.,"2P: primary SNR=1.5845, secondary SNR=1.5198, secondary/primary=0.9624, odd/even=0.9793, OOT/depth=0.7508, coherence=strong (0.7507), secondary=concerning",gate_blocked_candidate_hold; primary_gate=gate4_oot_to_depth_ge_0.50; hold_gates=gate4_oot_to_depth_ge_0.50; penalties=gate2_fallback_period_context|weak_primary_depth_snr,yes_for_non_promotion_but_not_for_decisive_2P_failure_mode,"Mandatory 2P competing-EB veto using the secondary assessment, secondary/primary depth ratio, secondary SNR, odd/even, coherence, and OOT context.",stage_g_logic_change_required,v0.2 correctly blocked promotion via OOT/depth; 2P evidence supplies the specific stellar-false-positive mode.
EPIC_211351798,false_positive_eb_or_variable,Coherent near-equal primary and secondary eclipses at 2P.,2P = 17.76198 d eclipsing-binary hypothesis.,"2P: primary SNR=18.1566, secondary SNR=19.4531, secondary/primary=0.8328, odd/even=0.8767, OOT/depth=0.795, coherence=strong (0.8618), secondary=concerning",gate_blocked_candidate_hold; primary_gate=gate4_oot_to_depth_ge_0.50; hold_gates=gate4_oot_to_depth_ge_0.50; penalties=gate2_fallback_period_context,yes_for_non_promotion_but_not_for_decisive_2P_failure_mode,"Mandatory 2P competing-EB veto using the secondary assessment, secondary/primary depth ratio, secondary SNR, odd/even, coherence, and OOT context.",stage_g_logic_change_required,"The saved P is trusted, but the 2P morphology is decisive for the manual EB label."
EPIC_211845034,false_positive_eb_or_variable,Deep broad EB/variable-like morphology with strong periodic raw variability and non-planet-like event structure.,No single decisive period was assigned by the manual review; P = 1.33061 d remained untrusted.,"P: primary SNR=4.0854, OOT/depth=0.5237, odd/even=0.8329; 2P: secondary SNR=2.6656, secondary/primary=1.0469, OOT/depth=0.7217, coherence=weak (0.5465)",gate_blocked_candidate_hold; primary_gate=gate4_oot_to_depth_ge_0.50; hold_gates=gate4_oot_to_depth_ge_0.50; penalties=gate2_fallback_period_context,yes_for_non_promotion_and_recorded_v0_2_block,Retain existing OOT/depth blocking; no additional behavioral change is justified from the recorded manual decision.,no_change_required,Earlier batch-10 review was reused with its original provenance; the final label is unchanged.
EPIC_211431812,reject_as_noise_or_artifact,"Weak period-inconsistent signal with elevated OOT variability, unstable event depths, and no robust EB or planetary pattern.","No credible period; P/2 = 5.277515 d, P = 10.55503 d, and 2P = 21.11006 d remain variability-dominated or weak.",P/2/P/2P primary SNR=0.2582/4.7734/2.0873; OOT/depth=3.0699/0.526/1.0936; event support=5/9/7; baseline=insufficient_events/insufficient_events/insufficient_events,gate_blocked_candidate_hold; primary_gate=gate4_oot_to_depth_ge_0.50; hold_gates=gate4_oot_to_depth_ge_0.50; penalties=gate2_fallback_period_context,yes_for_non_promotion_and_recorded_v0_2_block,Retain the existing OOT/depth block; no new behavioral diagnostic is supported by this review.,no_change_required,Do not reinterpret the concerning 2P secondary metric as an EB label; the manual decision is noise/artifact.
EPIC_211696209,false_positive_eb_or_variable,"Numerically suspicious nominal-period SNR plus a stronger 2P secondary, severe odd/even mismatch, high OOT/depth, and coherent stellar/alias evidence.",2P = 13.7505 d EB/stellar-alias hypothesis; nominal P = 6.87525 d contains the suspicious SNR.,"2P: primary SNR=28.1393, secondary SNR=93.567, secondary/primary=1.2267, odd/even=0.4959, OOT/depth=1.3707, coherence=strong (0.8576), secondary=concerning",gate_blocked_candidate_hold; primary_gate=gate4_oot_to_depth_ge_0.30; hold_gates=gate4_oot_to_depth_ge_0.30; penalties=gate2_fallback_period_context|absurd_primary_depth_snr_suspicious,yes_for_non_promotion_but_not_for_decisive_2P_failure_mode,"Run numerical-integrity checks for absurd, non-finite, or internally inconsistent SNR/depth metrics before gate scoring, then apply the mandatory 2P competing-EB veto.",stage_g_logic_change_required,"v0.2 recorded absurd_primary_depth_snr_suspicious and blocked on OOT/depth, but the approved design requires explicit integrity gating and 2P veto traceability."
