hybrid_v3_rank,hybrid_rank,epic_id,candidate_score,needs_stage_f_validation,hybrid_v2_policy_note,flux_p_science_like,flux_recall_filter_pass,stage_d_quality_score,stage_f_quality_score,stage_f_available,false_positive_penalty,manual_label_penalty,stage_d_label,stage_f_conservative_label,best_period_days,period_support_count,event_family_count,folded_depth_consistency,duration_consistency,odd_even_depth_delta,primary_depth_snr,secondary_to_primary_depth_ratio,odd_even_depth_delta_explicit,oot_variability_to_depth,alias_best_support_ratio,stage_f_odd_even_penalty,stage_f_secondary_penalty,stage_f_oot_penalty,stage_f_alias_penalty,flux_num_segments,flux_p_top3_mean,flux_p_top10_mean,flux_best_segment_start,flux_best_segment_end,flux_best_segment_mid_time,events_csv,stage_f_source_csv,promote_tier,n_events_long_good,n_events_ge_10_cadences,max_shape_score,spike_fraction_2cadence,depth_ratio,stage_r_reason,events_csv_available,n_events_raw,n_events_after_filters,period_search_reason,cluster_center_phase,n_predicted,n_covered,coverage_rate,hit_rate_snr,hit_rate_shape,soft_hit_rate,cache_hits,cache_misses,downloads_done,validations_run,stage_d_reason,stage_f_best_quality_score,stage_f_rows,secondary_depth_snr,stage_f_quality_score_raw,stage_d_positive_score,stage_d_spike_clean,stage_d_odd_even_clean,stage_d_odd_even_penalty,training_label_v3,science_binary_v3,stage_f_label,primary_depth_snr_stage_f_hybrid_v2,secondary_to_primary_depth_ratio_stage_f_hybrid_v2,secondary_depth_snr_stage_f_hybrid_v2,odd_even_depth_delta_explicit_stage_f_hybrid_v2,oot_variability_to_depth_stage_f_hybrid_v2,alias_best_support_ratio_stage_f_hybrid_v2,stage_f_quality_score_override,stage_f_odd_even_penalty_override,stage_f_secondary_penalty_override,stage_f_oot_penalty_override,stage_f_alias_penalty_override,is_labeled_v3,is_unresolved_v3,is_tuning_row_v3,actual_science_like_v3,v3_base_score,hybrid_score_v3,hybrid_v3_false_positive_penalty,hybrid_v3_candidate_pass
1,2,EPIC_211842439,0.659985382035486,False,,0.6608452796936035,True,0.8098610962637469,0.9833717110284048,True,0.1307911178687547,0.45,pass_deeper_eval,stage_f_planet_like,15.93678195803659,14,4,0.9125872976904168,1.0,0.0415707224289881,66.69039912441387,0.0,0.0415707224289881,0.0,0.2857142857142857,0.0831414448579762,0.0,0.0,0.0,13,0.6238475441932678,0.5897171914577484,512,1024,2322.353490794452,plots\k2_batch\epics\EPIC_211842439\events.csv,k2_stage_f_next10_validation.csv,Tier_A,10,17,0.8675257382753601,0.0769230769230769,180.52044020517712,promote: 10 events have duration_cadences>=10 and shape_score>=0.74; max_duration_cadences=24; spike_fraction_2cadence=0.077,True,26,26,validated,0.0600324466810164,5,5,1.0,0.8,0.6,0.8,1,0,0,3,period_support_count=14; depth_consistency=0.913; duration_consistency=1.000; validated cache-light-curve support,0.9833717110284048,1.0,,0.9833717110284048,0.8013707879038836,0.7802197802197803,0.916858555142024,0.0831414448579762,uncertain_hold,not_science_like,,,,,,,,,,,,,True,False,False,False,0.6796040497157991,0.6671328329871027,0.01247121672869643,True
2,1,EPIC_212001099,0.6669978852796252,False,,0.8128641843795776,True,0.6962114784793515,0.8760970094751621,True,0.070544674945702,0.0,pass_deeper_eval,stage_f_planet_like,16.325087564604473,13,5,0.9872136877524216,0.75,0.058047152180234,8.914151086678777,0.0,0.1045146379888401,0.2728692692290266,0.3076923076923077,0.2090292759776802,0.0,0.1364346346145133,0.0,427,0.7879082560539246,0.7649751782417298,45824,46336,2338.0451522270705,plots\k2_batch\epics\EPIC_212001099\events.csv,k2_stage_f_next10_batch2_validation.csv,Tier_A,8,19,0.8263117277737821,0.1071428571428571,13.907826780338732,promote: 8 events have duration_cadences>=10 and shape_score>=0.74; max_duration_cadences=24; spike_fraction_2cadence=0.107,True,28,28,validated,0.8343166464806598,5,5,1.0,0.4,0.2,0.4,1,0,0,3,period_support_count=13; depth_consistency=0.987; duration_consistency=0.750; validated cache-light-curve support,0.8760970094751621,1.0,0.0,0.8760970094751621,0.6758670564389718,0.6938775510204083,0.883905695639532,0.116094304360468,planet_like,science_like,,,,,,,,,,,,,True,False,True,True,0.6775795865214805,0.6325817316633772,0.044997854858103356,True
3,3,EPIC_211534076,0.6235910447402204,False,,0.6541130542755127,True,0.7226062005650227,0.9186451273445112,True,0.104409041557283,0.05,pass_deeper_eval,stage_f_planet_like,15.221580048255191,16,5,0.8115918451248266,0.9565217391304348,0.1429201407325919,72.47101116423728,0.0,0.1429201407325919,0.3224908848326961,0.3125,0.2858402814651838,0.0,0.161245442416348,0.0,13,0.575658897558848,0.491503894329071,2816,3328,2369.4901159095134,plots\k2_batch\epics\EPIC_211534076\events.csv,k2_stage_f_followup_validation.csv,Tier_A,13,20,0.855307609270227,0.2631578947368421,27.17586940955213,promote: 13 events have duration_cadences>=10 and shape_score>=0.74; max_duration_cadences=24; spike_fraction_2cadence=0.263,True,38,38,validated,0.0795826853131468,4,4,1.0,0.5,0.5,0.5,1,0,0,3,period_support_count=16; depth_consistency=0.812; duration_consistency=0.957; validated cache-light-curve support,0.9186451273445112,1.0,0.0,0.9186451273445112,0.7756109741819757,0.2481203007518797,0.7141597185348162,0.2858402814651838,candidate_like,science_like,,,,,,,,,,,,,True,False,True,True,0.6392524009738129,0.5802518145124005,0.05900058646141237,True
4,20,EPIC_211396246,0.4617340867864225,True,high_flux_or_stage_d_but_missing_stage_f; validate_before_discovery_ranking,0.6674925088882446,True,0.6774223476782854,0.8369467945824071,False,0.0249591882935626,0.0,pass_deeper_eval,,5.0670921209678,8,6,0.8319569702913201,0.9523809523809524,0.0567254279399151,,,,,,0.1134508558798302,0.0,0.0047899859787796,0.55,13,0.6661770542462667,0.6107338428497314,1024,1536,2332.814500321154,plots\k2_batch\epics\EPIC_211396246\events.csv,,Tier_A,6,15,0.8013982456171866,0.2083333333333333,21.73483396404102,promote: 6 events have duration_cadences>=10 and shape_score>=0.74; max_duration_cadences=24; spike_fraction_2cadence=0.208,True,24,24,validated,0.9107876341557408,15,15,1.0,0.6666666666666666,0.2,0.6666666666666666,1,0,0,3,period_support_count=8; depth_consistency=0.832; duration_consistency=0.952; validated cache-light-curve support,,,,,0.6843955527791447,0.4047619047619049,0.8865491441201698,0.1134508558798302,noise_or_artifact,not_science_like,stage_f_hold,8.852455333808562,0.0,,0.0567254279399151,0.0095799719575592,0.625,0.8369467945824071,0.1134508558798302,0.0,0.0047899859787796,0.55,True,False,True,False,0.6122146636760587,0.5672180366962062,0.04499662697985249,False
5,19,EPIC_211530033,0.4715107233391129,True,high_flux_or_stage_d_but_missing_stage_f; validate_before_discovery_ranking,0.6364273428916931,True,0.7969143077790355,0.8376791346663713,False,0.0864494907849233,0.0,pass_deeper_eval,,15.50762230141845,10,6,0.9093175626572692,0.9361702127659576,0.1964761154202804,,,,,,0.1589125482003332,0.0,0.0842688354902597,0.5,13,0.6301928957303365,0.603012990951538,1024,1536,2332.8141939560155,plots\k2_batch\epics\EPIC_211530033\events.csv,,Tier_A,11,16,0.808978002365144,0.1153846153846153,24.42796091623582,promote: 11 events have duration_cadences>=10 and shape_score>=0.74; max_duration_cadences=24; spike_fraction_2cadence=0.115,True,26,26,validated,0.9839624505851532,5,5,1.0,1.0,0.6,1.0,1,0,0,3,period_support_count=10; depth_consistency=0.909; duration_consistency=0.936; validated cache-light-curve support,,,,,0.831646753932946,0.6703296703296706,0.6070477691594391,0.3929522308405608,noise_or_artifact,not_science_like,stage_f_hold,11.081328351859684,0.0,,0.0794562741001666,0.1685376709805194,0.6,0.8376791346663713,0.1589125482003332,0.0,0.0842688354902597,0.5,True,False,True,False,0.6313979306234443,0.5390282124483342,0.09236971817511008,False
6,4,EPIC_211988531,0.5739972618095102,False,,0.6275991201400757,True,0.7016836847032856,0.873690739044726,True,0.2633735745101283,0.45,pass_deeper_eval,stage_f_planet_like,14.496263978912111,13,5,0.7404849623190014,0.9583333333333334,0.1847461582127066,57.84921430856959,0.0,0.1847461582127066,0.401374738166655,0.4615384615384615,0.3694923164254132,0.0,0.2006873690833275,0.223076923076923,13,0.6090643803278605,0.5480101257562637,0,512,2311.8310897774136,plots\k2_batch\epics\EPIC_211988531\events.csv,k2_stage_f_next10_batch2_validation.csv,Tier_A,4,10,0.7812440376860006,0.2272727272727272,30.9298795450156,promote: 4 events have duration_cadences>=10 and shape_score>=0.74; max_duration_cadences=24; spike_fraction_2cadence=0.227,True,22,22,validated,0.65772061454775,5,5,1.0,1.0,0.6,1.0,1,0,0,3,period_support_count=13; depth_consistency=0.740; duration_consistency=0.958; validated cache-light-curve support,0.873690739044726,1.0,,0.873690739044726,0.748023843442843,0.3506493506493507,0.6305076835745869,0.3694923164254132,uncertain_hold,not_science_like,,,,,,,,,,,,,True,False,False,False,0.6135032979860294,0.5268568674600386,0.08664643052599089,False
7,5,EPIC_211972200,0.5719502515377711,False,,0.6598517894744873,True,0.7688464015477825,0.83996173590777,True,0.4079993942812503,0.9,pass_deeper_eval,stage_f_planet_like,18.91986675386579,19,4,0.9698031883868607,1.0,0.2261630657356436,851.7955448069436,0.0,0.2261630657356436,0.9276405039729682,0.3157894736842105,0.4523261314712872,0.0,0.4638202519864841,0.0,13,0.6193408767382304,0.5453507363796234,0,512,2311.830714746153,plots\k2_batch\epics\EPIC_211972200\events.csv,k2_stage_f_next10_validation.csv,Tier_A,4,19,0.8331570239017195,0.04,13.945690757095244,promote: 4 events have duration_cadences>=10 and shape_score>=0.74; max_duration_cadences=24; spike_fraction_2cadence=0.040,True,25,25,validated,0.1628365303483095,4,4,1.0,0.75,0.5,0.75,1,0,0,3,period_support_count=19; depth_consistency=0.970; duration_consistency=1.000; validated cache-light-curve support,0.83996173590777,1.0,,0.83996173590777,0.7802944727633082,0.8857142857142857,0.5476738685287128,0.4523261314712872,binary_system,not_science_like,,,,,,,,,,,,,True,False,True,False,0.6331501606799587,0.5189192157606172,0.11423094491934149,False
8,10,EPIC_211525754,0.5489361405058731,False,,0.6139881610870361,True,0.7190406398678482,0.8637704404155293,True,0.4110832396362259,1.0,pass_deeper_eval,stage_f_planet_like,13.198848621046864,14,6,0.9184157767190644,0.9583333333333334,0.1776629394856127,65.85013986042081,0.0,0.1776629394856127,0.6593346410125313,0.4285714285714285,0.3553258789712254,0.0,0.3296673205062656,0.157142857142857,13,0.5995702544848124,0.5489794880151748,0,512,2311.831700581832,plots\k2_batch\epics\EPIC_211525754\events.csv,k2_stage_f_next10_validation.csv,Tier_A,7,14,0.8065152288077873,0.217391304347826,9.37481331028957,promote: 7 events have duration_cadences>=10 and shape_score>=0.74; max_duration_cadences=24; spike_fraction_2cadence=0.217,True,23,23,validated,0.9339929562413662,5,5,1.0,0.8,0.4,0.8,1,0,0,3,period_support_count=14; depth_consistency=0.918; duration_consistency=0.958; validated cache-light-curve support,0.8637704404155293,1.0,,0.8637704404155293,0.7645373049917938,0.37888198757764,0.6446741210287745,0.3553258789712254,noise_or_artifact,not_science_like,,,,,,,,,,,,,True,False,True,False,0.610598626451307,0.5164758696978538,0.09412275675345323,False
9,8,EPIC_211490307,0.557722848677971,False,,0.7290341258049011,True,0.6888812084802352,0.8190975506496548,True,0.4962252342414458,1.0,pass_deeper_eval,stage_f_planet_like,12.80064960272307,18,6,0.8415847679803974,0.6136363636363635,0.3764688669443513,18.355230915068795,0.0,0.2794457748987067,0.5805066605844216,0.4444444444444444,0.5588915497974134,0.0,0.2902533302922108,0.1888888888888888,13,0.6968155900637308,0.6275667309761047,768,1280,2327.584675439608,plots\k2_batch\epics\EPIC_211490307\events.csv,k2_stage_f_next10_validation.csv,Tier_A,11,16,0.8194936608105479,0.1935483870967742,29.87992459434132,promote: 11 events have duration_cadences>=10 and shape_score>=0.74; max_duration_cadences=24; spike_fraction_2cadence=0.194,True,31,31,validated,0.0422547489885349,6,6,1.0,0.6666666666666666,0.5,0.6666666666666666,1,0,0,3,period_support_count=18; depth_consistency=0.842; duration_consistency=0.614; validated cache-light-curve support,0.8190975506496548,1.0,,0.8190975506496548,0.7639209631508227,0.4470046082949308,0.2470622661112974,0.7529377338887026,noise_or_artifact,not_science_like,,,,,,,,,,,,,True,False,True,False,0.6321566338141879,0.48074619625721693,0.1514104375569709,False
10,11,EPIC_211748059,0.543983233934877,False,,0.6816136837005615,True,0.6643256216823236,0.7375186919144469,True,0.3002842250634144,0.45,pass_deeper_eval,stage_f_planet_like,17.42822978276672,14,6,0.893396425832578,0.8095238095238095,0.1833255114427235,5.253299547045389,0.0,0.3134464055801121,0.2921819781859618,0.4285714285714285,0.6268928111602242,0.0,0.1460909890929809,0.157142857142857,13,0.6523628433545431,0.5710595220327377,512,1024,2322.3535044738346,plots\k2_batch\epics\EPIC_211748059\events.csv,k2_stage_f_next10_batch2_validation.csv,Tier_A,5,17,0.8169694594065053,0.1666666666666666,9.142281919119538,promote: 5 events have duration_cadences>=10 and shape_score>=0.74; max_duration_cadences=23; spike_fraction_2cadence=0.167,True,30,30,validated,0.0419724861924733,4,4,1.0,0.5,0.25,0.5,1,0,0,3,period_support_count=14; depth_consistency=0.893; duration_consistency=0.810; validated cache-light-curve support,0.7375186919144469,1.0,0.0,0.7375186919144469,0.6831479958526301,0.523809523809524,0.6333489771145531,0.366651022885447,uncertain_hold,not_science_like,,,,,,,,,,,,,True,False,False,False,0.5890258676943891,0.47252570425391455,0.11650016344047458,False
11,28,EPIC_211569204,0.4348291418546033,True,high_flux_or_stage_d_but_missing_stage_f; validate_before_discovery_ranking,0.6856498718261719,True,0.6338573102462901,0.7791552700078092,False,0.1740842723075291,0.0,pass_deeper_eval,,14.659857875562466,11,4,0.8743804446671559,0.7941176470588235,0.3956460734262026,,,,,,0.7912921468524052,0.0,0.24906018596291385,0.027272727272727226,13,0.6589184006055196,0.5141399294137955,2816,3328,2369.489106186691,plots\k2_batch\epics\EPIC_211569204\events.csv,,Tier_A,12,17,0.8369947403705666,0.08,52.17645309942983,promote: 12 events have duration_cadences>=10 and shape_score>=0.74; max_duration_cadences=24; spike_fraction_2cadence=0.080,True,25,25,validated,0.4440226314457466,5,5,1.0,0.4,0.2,0.4,1,0,0,3,period_support_count=11; depth_consistency=0.874; duration_consistency=0.794; validated cache-light-curve support,,,,,0.6654207707737014,0.7714285714285714,0.2087078531475947,0.7912921468524052,noise_or_artifact,not_science_like,stage_f_hold,21.69419954701523,0.0,0.0,0.3956460734262026,0.4981203719258277,0.3636363636363636,0.7791552700078092,0.7912921468524052,0.0,0.24906018596291385,0.027272727272727226,True,False,True,False,0.5932306002026849,0.44826712321489637,0.14496347698778853,False
12,6,EPIC_211954033,0.5663975245934392,False,,0.6687077879905701,True,0.7606405369679347,0.7542135646601965,True,0.3090915107352871,0.05,pass_deeper_eval,stage_f_planet_like,11.441882991133753,12,6,0.8382519101349952,0.9777777777777776,0.3088052918119291,80.20641397919435,0.0,0.3088052918119291,1.00796869264487,0.5833333333333334,0.6176105836238582,0.0,0.503984346322435,0.4666666666666668,13,0.6308594743410746,0.549836179614067,2304,2816,2358.9671311136044,plots\k2_batch\epics\EPIC_211954033\events.csv,k2_stage_f_next10_batch2_validation.csv,Tier_A,11,19,0.8636341031574459,0.2307692307692307,18.475595204680264,promote: 11 events have duration_cadences>=10 and shape_score>=0.74; max_duration_cadences=24; spike_fraction_2cadence=0.231,True,26,26,validated,0.8028389957965737,6,6,1.0,1.0,0.5,1.0,1,0,0,3,period_support_count=12; depth_consistency=0.838; duration_consistency=0.978; validated cache-light-curve support,0.7542135646601965,1.0,0.0,0.7542135646601965,0.8482514010179772,0.3406593406593408,0.3823894163761417,0.6176105836238582,candidate_like,science_like,,,,,,,,,,,,,True,False,True,True,0.6127612512037323,0.4463878956945767,0.16637335550915558,False
13,27,EPIC_211910082,0.4371822419437551,True,high_flux_or_stage_d_but_missing_stage_f; validate_before_discovery_ranking,0.6361042261123657,True,0.7086768217347388,0.7526449447673036,False,0.1674896175283838,0.0,pass_deeper_eval,,19.798300977400004,8,4,0.88281364599107,0.9791666666666669,0.3806582216554177,,,,,,0.7613164433108354,0.0,0.1172784438035296,0.55,13,0.6265238126118978,0.589812284708023,512,1024,2322.3535499868703,plots\k2_batch\epics\EPIC_211910082\events.csv,,Tier_A,8,12,0.8745708324168595,0.1578947368421052,30.683332171095635,promote: 8 events have duration_cadences>=10 and shape_score>=0.74; max_duration_cadences=24; spike_fraction_2cadence=0.158,True,19,19,validated,0.6525545245530305,3,3,1.0,1.0,0.6666666666666666,1.0,1,0,0,3,period_support_count=8; depth_consistency=0.883; duration_consistency=0.979; validated cache-light-curve support,,,,,0.777800982185503,0.548872180451128,0.2386835566891646,0.7613164433108354,noise_or_artifact,not_science_like,stage_f_hold,113.11388144172318,0.0,,0.3806582216554177,0.2345568876070592,0.625,0.7526449447673036,0.7613164433108354,0.0,0.1172784438035296,0.55,True,False,True,False,0.5879669207648386,0.43454160988786034,0.15342531087697825,False
14,13,EPIC_211551640,0.5164843092348114,False,,0.6369973421096802,True,0.7981880275843733,0.723892413373141,True,0.5798991382863693,1.0,pass_deeper_eval,stage_f_planet_like,10.563287809098483,21,7,0.9359130232369672,1.0,0.3678919987893941,525.8469996140429,0.0,0.3678919987893941,1.128867637671828,0.5714285714285714,0.7357839975787882,0.0,0.564433818835914,0.4428571428571428,13,0.6201474865277609,0.5772376477718353,3072,3584,2374.719857610882,plots\k2_batch\epics\EPIC_211551640\events.csv,k2_stage_f_next10_validation.csv,Tier_A,13,15,0.8242570296708012,0.21875,48.44970506185607,promote: 13 events have duration_cadences>=10 and shape_score>=0.74; max_duration_cadences=24; spike_fraction_2cadence=0.219,True,32,32,validated,0.5077591821436135,7,7,1.0,1.0,0.5714285714285714,1.0,1,0,0,3,period_support_count=21; depth_consistency=0.936; duration_consistency=1.000; validated cache-light-curve support,0.723892413373141,1.0,,0.723892413373141,0.9032421797152004,0.375,0.2642160024212118,0.7357839975787882,noise_or_artifact,not_science_like,,,,,,,,,,,,,True,False,True,False,0.6034691799777667,0.41451534131449996,0.18895383866326676,False
15,12,EPIC_212003686,0.5373031246873224,False,,0.6519076824188232,True,0.7804350216355603,0.8371661947886296,True,0.635099121768754,1.0,pass_deeper_eval,stage_f_planet_like,12.44296006046352,18,8,0.6857651227953394,0.8958333333333334,0.5786311010728846,20.02103413557473,0.0,0.0818780093435215,1.3344346863194905,0.5,0.163756018687043,0.0,0.6672173431597452,0.3,13,0.6353590488433838,0.6027553498744964,1280,1792,2338.0447035968464,plots\k2_batch\epics\EPIC_212003686\events.csv,k2_stage_f_next10_validation.csv,Tier_A,6,18,0.8425087591919436,0.0416666666666666,9.6521233653017,promote: 6 events have duration_cadences>=10 and shape_score>=0.74; max_duration_cadences=24; spike_fraction_2cadence=0.042,True,24,24,validated,0.9447158803351644,6,6,1.0,1.0,0.6666666666666666,1.0,1,0,0,3,period_support_count=18; depth_consistency=0.686; duration_consistency=0.896; validated cache-light-curve support,0.8371661947886296,1.0,,0.8371661947886296,0.8550601309144464,0.8809523809523812,0.0,1.0,noise_or_artifact,not_science_like,,,,,,,,,,,,,True,False,True,False,0.6325679929526355,0.400846258636661,0.23172173431597454,False
16,15,EPIC_211520800,0.4962675486724521,False,,0.6537245512008667,True,0.6245700775705227,0.6453994872749055,True,0.3335229030613884,0.45,pass_deeper_eval,stage_f_reject,15.569002305841424,12,3,0.7697397612091472,0.875,0.5724138268457291,4.585524803721956,0.0,0.5724138268457291,0.0113655895709826,0.25,1.0,0.0,0.0056827947854913,0.0,13,0.6296626528104147,0.5664997160434723,0,512,2311.8316576306315,plots\k2_batch\epics\EPIC_211520800\events.csv,k2_stage_f_next10_batch2_validation.csv,Tier_A,10,19,0.8973373962480496,0.0769230769230769,20.72443224000781,promote: 10 events have duration_cadences>=10 and shape_score>=0.74; max_duration_cadences=23; spike_fraction_2cadence=0.077,True,26,26,validated,0.2227723834869222,5,5,1.0,0.4,0.4,0.4,1,0,0,3,period_support_count=12; depth_consistency=0.770; duration_consistency=0.875; validated cache-light-curve support,0.6453994872749055,1.0,0.0,0.6453994872749055,0.6760369479887104,0.7802197802197803,0.0,1.0,low_priority_negative,not_science_like,,,,,,,,,,,,,True,False,True,False,0.5462959841316604,0.39572770465311125,0.15056827947854912,False
17,17,EPIC_211955365,0.4856512730153436,False,,0.6209514737129211,True,0.652386431029926,0.6295794524686625,True,0.3478214243921724,0.45,pass_deeper_eval,stage_f_reject,13.515559290237206,14,5,0.7186482147857511,0.75,0.1033699333405586,3.7643122561616216,0.0,0.2361031708487822,1.4365908008427897,0.3571428571428571,0.4722063416975644,0.0,0.7182954004213948,0.0142857142857142,13,0.6060840884844462,0.5684638679027557,512,1024,2322.353319712241,plots\k2_batch\epics\EPIC_211955365\events.csv,k2_stage_f_next10_batch2_validation.csv,Tier_A,9,15,0.7965873008763289,0.25,28.951430703449955,promote: 9 events have duration_cadences>=10 and shape_score>=0.74; max_duration_cadences=24; spike_fraction_2cadence=0.250,True,24,24,validated,0.0155818875175332,5,5,1.0,0.6,0.2,0.6,1,0,0,3,period_support_count=14; depth_consistency=0.719; duration_consistency=0.750; validated cache-light-curve support,0.6295794524686625,1.0,,0.6295794524686625,0.6771691869718791,0.2857142857142857,0.7932601333188828,0.2067398666811172,low_priority_negative,not_science_like,,,,,,,,,,,,,True,False,True,False,0.5378244866741695,0.3944497096631096,0.14337477701105988,False
18,16,EPIC_211739276,0.4892752782228279,False,,0.6772735118865967,True,0.5709689161691899,0.7656862366552344,True,0.5462282609572469,1.0,pass_deeper_eval,stage_f_planet_like,19.164904292916617,15,6,0.8011001742617926,0.6666666666666666,0.4891783041162653,8.641648426216275,0.0,0.2635042376149288,0.7332200794010014,0.4,0.5270084752298576,0.0,0.3666100397005007,0.1,13,0.6313258608182272,0.5550146222114563,256,768,2317.1226463777275,plots\k2_batch\epics\EPIC_211739276\events.csv,k2_stage_f_next10_validation.csv,Tier_A,7,12,0.8202554876373518,0.3783783783783784,22.424712353007585,promote: 7 events have duration_cadences>=10 and shape_score>=0.74; max_duration_cadences=23; spike_fraction_2cadence=0.378,True,37,37,validated,0.27974132596661,3,3,1.0,0.6666666666666666,0.3333333333333333,0.6666666666666666,1,0,0,3,period_support_count=15; depth_consistency=0.801; duration_consistency=0.667; validated cache-light-curve support,0.7656862366552344,1.0,,0.7656862366552344,0.6939280620855093,0.0,0.0216433917674694,0.9783566082325306,noise_or_artifact,not_science_like,,,,,,,,,,,,,True,False,True,False,0.5712095173664149,0.38279502216148525,0.18841449520492964,False
19,29,EPIC_211947686,0.4304068417633789,True,high_flux_or_stage_d_but_missing_stage_f; validate_before_discovery_ranking,0.699910044670105,True,0.6237533045153688,0.6947946471252513,False,0.22,0.0,pass_deeper_eval,,11.881061730008014,8,5,0.8952162896177489,0.8695652173913044,0.5574735015018112,,,,,,1.0,0.0,0.18470235249832434,0.55,13,0.6804830233256022,0.6017912924289703,1024,1536,2332.8145553142385,plots\k2_batch\epics\EPIC_211947686\events.csv,,Tier_A,8,12,0.8156596223735075,0.2,33.84677418529661,promote: 8 events have duration_cadences>=10 and shape_score>=0.74; max_duration_cadences=24; spike_fraction_2cadence=0.200,True,20,20,validated,0.1228874215131687,6,6,1.0,0.8333333333333334,0.3333333333333333,0.8333333333333334,1,0,0,3,period_support_count=8; depth_consistency=0.895; duration_consistency=0.870; validated cache-light-curve support,,,,,0.713636434077976,0.4285714285714285,0.0,1.0,noise_or_artifact,not_science_like,stage_f_hold,21.368542534926195,0.0,,0.5574735015018112,0.3694047049966487,0.625,0.6947946471252513,1.0,0.0,0.18470235249832434,0.55,True,False,True,False,0.5746055035446918,0.37863526829485933,0.19597023524983243,False
20,7,EPIC_211732801,0.5642974418413238,True,high_flux_or_stage_d_but_missing_stage_f; validate_before_discovery_ranking,0.970463216304779,True,0.6903658530804826,0.43562457513740865,False,0.0697076475697967,0.0,pass_deeper_eval,,8.499644226245664,15,7,0.6824698421846229,0.6666666666666666,0.158426471749538,,,,,,0.0415934249154224,1.0,0.6448358374884684,0.6333333333333333,13,0.9662604133288064,0.92841255068779,1536,2048,2343.275633475976,plots\k2_batch\epics\EPIC_211732801\events.csv,,Tier_A,4,11,0.8527919232816045,0.2666666666666666,39.29971634484868,promote: 4 events have duration_cadences>=10 and shape_score>=0.74; max_duration_cadences=23; spike_fraction_2cadence=0.267,True,30,30,validated,0.1393473536963598,9,8,0.8888888888888888,1.0,0.5,1.0,1,0,0,3,period_support_count=15; depth_consistency=0.682; duration_consistency=0.667; validated cache-light-curve support,,,,,0.7407976177644244,0.2380952380952382,0.683147056500924,0.316852943499076,binary_system,not_science_like,stage_f_likely_eb,5.328128753282525,1.3400734623683526,6.58914371748962,0.0207967124577112,1.2896716749769368,0.6666666666666666,0.43562457513740865,0.0415934249154224,1.0,0.6448358374884684,0.6333333333333333,True,False,True,False,0.6211597327611454,0.3774815408207705,0.24367819194037493,False
21,9,EPIC_211889692,0.5568733759907107,False,,0.6479401588439941,True,0.9103772815812514,0.65,True,0.4,0.0,pass_deeper_eval,stage_f_planet_like,17.673423499920546,21,5,0.8911991813361217,0.7916666666666667,0.0507731386905771,32.91362501436644,0.0,0.5521356662214799,2.25163102155132,0.238095238095238,1.0,0.0,1.0,0.0,13,0.6354987621307373,0.5993576586246491,2560,3072,2364.2583974767117,plots\k2_batch\epics\EPIC_211889692\events.csv,k2_stage_f_followup_validation.csv,Tier_A,15,20,0.8757310614371051,0.0384615384615384,15.30623744286524,promote: 15 events have duration_cadences>=10 and shape_score>=0.74; max_duration_cadences=24; spike_fraction_2cadence=0.038,True,26,26,validated,0.1721261016740966,4,4,1.0,1.0,0.75,1.0,1,0,0,3,period_support_count=21; depth_consistency=0.891; duration_consistency=0.792; validated cache-light-curve support,0.65,1.0,,0.65,0.9139104346776404,0.8901098901098903,0.8984537226188458,0.1015462773811542,planet_like,science_like,,,,,,,,,,,,,True,False,True,True,0.6168733759907108,0.3668733759907108,0.25,False
22,21,EPIC_211554121,0.4616203838007099,False,,0.6750602722167969,True,0.597343576267107,0.6273422083277186,True,0.5388143841591687,1.0,pass_deeper_eval,stage_f_hold,14.057024791287404,15,6,0.8604473744226185,0.6666666666666666,0.4889995714486745,5.781808652692599,0.0,1.384633697151172,0.7646042684352079,0.3333333333333333,1.0,0.0,0.3823021342176039,0.0,13,0.6490737199783325,0.5820027351379394,1280,1792,2338.044935005535,plots\k2_batch\epics\EPIC_211554121\events.csv,k2_stage_f_next10_validation.csv,Tier_A,4,13,0.7901124721058373,0.25,12.841198712687312,promote: 4 events have duration_cadences>=10 and shape_score>=0.74; max_duration_cadences=24; spike_fraction_2cadence=0.250,True,32,32,validated,0.4773783587839234,5,5,1.0,0.6,0.6,0.6,1,0,0,3,period_support_count=15; depth_consistency=0.860; duration_consistency=0.667; validated cache-light-curve support,0.6273422083277186,1.0,0.0,0.6273422083277186,0.6946941626994912,0.2857142857142857,0.0220008571026509,0.977999142897349,noise_or_artifact,not_science_like,,,,,,,,,,,,,True,False,True,False,0.5424425414245853,0.35421232800282487,0.18823021342176038,False
23,23,EPIC_211833851,0.4548019358682452,True,high_flux_or_stage_d_but_missing_stage_f; validate_before_discovery_ranking,0.7019983530044556,True,0.6164272422704219,0.5841881453810841,False,0.0500286550061318,0.0,pass_deeper_eval,,18.61323452599368,9,6,0.8429666489919493,0.75,0.1137014886502996,,,,,,1.0,0.0,0.2061996920312498,0.6333333333333333,13,0.6410679221153259,0.5838991194963455,1024,1536,2332.8149268150883,plots\k2_batch\epics\EPIC_211833851\events.csv,,Tier_A,4,11,0.7992319016769379,0.1851851851851851,22.82286307550474,promote: 4 events have duration_cadences>=10 and shape_score>=0.74; max_duration_cadences=23; spike_fraction_2cadence=0.185,True,27,27,validated,0.1699478377463434,4,4,1.0,0.5,0.25,0.5,1,0,0,3,period_support_count=9; depth_consistency=0.843; duration_consistency=0.750; validated cache-light-curve support,,,,,0.6152592168860042,0.4708994708994711,0.7725970226994008,0.2274029773005992,noise_or_artifact,not_science_like,stage_f_hold,5.285843825441969,0.0,,0.6724053024964101,0.4123993840624996,0.6666666666666666,0.5841881453810841,1.0,0.0,0.2061996920312498,0.6333333333333333,True,False,True,False,0.545853270464436,0.3435666345946443,0.20228663586979165,False
24,22,EPIC_211563576,0.4575839058527943,False,,0.645002007484436,True,0.6722653965897453,0.5966964800146306,True,0.5693817727856817,1.0,pass_deeper_eval,stage_f_hold,17.142289455598302,15,9,0.6906327801428302,1.0,0.3693215454985175,5.176813417034204,0.0,0.5843822332973503,0.9375752531742412,0.4,1.0,0.0,0.4687876265871206,0.1,13,0.6439140637715658,0.5966962814331055,3072,3584,2374.7207417951468,plots\k2_batch\epics\EPIC_211563576\events.csv,k2_stage_f_next10_validation.csv,Tier_A,9,15,0.9141253582306036,0.303030303030303,39.20541977550187,promote: 9 events have duration_cadences>=10 and shape_score>=0.74; max_duration_cadences=24; spike_fraction_2cadence=0.303,True,33,33,validated,0.7464770646325907,4,4,1.0,0.75,0.25,0.75,1,0,0,3,period_support_count=15; depth_consistency=0.691; duration_consistency=1.000; validated cache-light-curve support,0.5966964800146306,1.0,0.0,0.5966964800146306,0.7764211618311663,0.1341991341991343,0.261356909002965,0.738643090997035,noise_or_artifact,not_science_like,,,,,,,,,,,,,True,False,True,False,0.5429911717706466,0.3411124091119345,0.20187876265871207,False
25,38,EPIC_211538087,0.3855338985131712,True,high_flux_or_stage_d_but_missing_stage_f; validate_before_discovery_ranking,0.5293968319892883,True,0.6053360630624074,0.25,False,0.0905933896578765,0.0,pass_deeper_eval,,10.787977590043964,11,4,0.6478238587826236,0.6176470588235294,0.2058940674042648,,,,,,0.0,0.0,0.0,0.0,13,0.5075488487879435,0.4446322351694107,2560,3072,2364.2587320400853,plots\k2_batch\epics\EPIC_211538087\events.csv,,Tier_A,10,14,0.8317946248071857,0.2058823529411764,42.462798742015,promote: 10 events have duration_cadences>=10 and shape_score>=0.74; max_duration_cadences=24; spike_fraction_2cadence=0.206,True,34,34,validated,0.182855289507131,7,7,1.0,0.4285714285714285,0.4285714285714285,0.4285714285714285,1,0,0,3,period_support_count=11; depth_consistency=0.648; duration_consistency=0.618; validated cache-light-curve support,,,,,0.6284611849582479,0.4117647058823531,0.5882118651914704,0.4117881348085296,,unresolved,,,,,,,,,,,,,False,True,False,False,0.39912290696185276,0.33735468674057334,0.06176822022127944,False
26,36,EPIC_211818652,0.394526944524975,True,high_flux_or_stage_d_but_missing_stage_f; validate_before_discovery_ranking,0.5625735521316528,True,0.6102874730828849,0.25,False,0.1163044466121647,0.0,pass_deeper_eval,,11.42133326516705,10,4,0.8148346664871553,0.7272727272727273,0.2643282877549199,,,,,,0.0,0.0,0.0,0.0,13,0.5263829429944357,0.4101979583501816,2560,3072,2364.258783293997,plots\k2_batch\epics\EPIC_211818652\events.csv,,Tier_A,9,19,0.8555259411426679,0.1481481481481481,6.5483166766906535,promote: 9 events have duration_cadences>=10 and shape_score>=0.74; max_duration_cadences=23; spike_fraction_2cadence=0.148,True,27,27,validated,0.1128727527269709,7,7,1.0,0.2857142857142857,0.2857142857142857,0.2857142857142857,1,0,0,3,period_support_count=10; depth_consistency=0.815; duration_consistency=0.727; validated cache-light-curve support,,,,,0.629221710943913,0.5767195767195767,0.4713434244901602,0.5286565755098398,,unresolved,,,,,,,,,,,,,False,True,False,False,0.4119726115167997,0.33267412519032374,0.07929848632647597,False
27,26,EPIC_211972767,0.4389997282457554,True,high_flux_or_stage_d_but_missing_stage_f; validate_before_discovery_ranking,0.6733503341674805,True,0.6953084451485491,0.6218610543509117,False,0.22,0.0,hold_deeper_eval,,17.10134562114399,23,8,0.8607203736069955,0.7209302325581395,0.8984440684348493,,,,,,1.0,0.0112319740763012,0.8342118083497416,0.08260869565217399,13,0.6440232992172241,0.5533951133489609,256,768,2317.122406702096,plots\k2_batch\epics\EPIC_211972767\events.csv,,Tier_A,8,23,0.8169500641238717,0.0909090909090909,7.738778295429903,promote: 8 events have duration_cadences>=10 and shape_score>=0.74; max_duration_cadences=24; spike_fraction_2cadence=0.091,True,33,33,validated,0.1217090886646168,4,4,1.0,1.0,1.0,1.0,1,0,0,3,"finite period with support=23, but deeper-eval guardrails are incomplete or marginal; reason=validated",,,,,0.9130305713721616,0.7402597402597403,0.0,1.0,variable_or_artifact,not_science_like,stage_f_hold,15.573432110389442,0.0056159870381506,,0.8692575449721439,1.6684236166994832,0.391304347826087,0.6218610543509117,1.0,0.0112319740763012,0.8342118083497416,0.08260869565217399,True,False,True,False,0.5649649918334834,0.3262901788082704,0.23867481302521296,False
28,31,EPIC_211555255,0.4103492829534389,False,,0.4000849425792694,False,0.7270512902601984,0.6889836684977515,True,0.5579279109252858,1.0,pass_deeper_eval,stage_f_hold,9.929781530910986,20,7,0.8711994527517155,0.5555555555555556,0.1677492974100996,28.196406173295912,0.1574174509834585,0.1702049170180183,1.8896751893774928,0.3,0.3404098340360366,0.314834901966917,0.9448375946887464,0.0,13,0.3878671030203501,0.3481041669845581,256,768,2317.1236584120925,plots\k2_batch\epics\EPIC_211555255\events.csv,k2_stage_f_followup_validation.csv,Tier_A,4,23,0.833757393976066,0.0789473684210526,19.87980101116924,promote: 4 events have duration_cadences>=10 and shape_score>=0.74; max_duration_cadences=24; spike_fraction_2cadence=0.079,True,38,38,validated,0.3492335989806429,8,8,1.0,0.625,0.25,0.625,1,0,0,3,period_support_count=20; depth_consistency=0.871; duration_consistency=0.556; validated cache-light-curve support,0.7114836684977516,2.0,0.8707688006046018,0.6889836684977515,0.7287157508216044,0.774436090225564,0.6645014051798008,0.3354985948201992,noise_or_artifact,not_science_like,,,,,,,,,,,,,True,False,True,False,0.4940384695922318,0.31700974482126,0.17702872477097184,False
29,18,EPIC_211926132,0.4781722209781026,False,,0.6761777400970459,True,0.7819009475612353,0.4929248145010254,True,0.5146428571428572,0.45,pass_deeper_eval,stage_f_reject,16.723298121680273,14,6,0.9048062860875516,0.7692307692307692,0.0713308544229569,4.457866928243464,0.0,2.570075124588972,2.281403955099687,0.3571428571428571,1.0,0.0,1.0,0.0142857142857142,13,0.6510870655377706,0.5633841931819916,1280,1792,2338.0451065291927,plots\k2_batch\epics\EPIC_211926132\events.csv,k2_stage_f_next10_batch2_validation.csv,Tier_A,8,16,0.8209315443933785,0.0416666666666666,25.75734719789685,promote: 8 events have duration_cadences>=10 and shape_score>=0.74; max_duration_cadences=24; spike_fraction_2cadence=0.042,True,24,24,validated,0.1493376868624689,5,5,1.0,0.8,0.4,0.8,1,0,0,3,period_support_count=14; depth_consistency=0.905; duration_consistency=0.769; validated cache-light-curve support,0.4929248145010254,1.0,,0.4929248145010254,0.7627497403312845,0.8809523809523812,0.8573382911540862,0.1426617088459138,uncertain_hold,not_science_like,,,,,,,,,,,,,True,False,False,False,0.5553686495495311,0.3046543638352454,0.2507142857142857,False
30,30,EPIC_211908778,0.4138011370789394,True,high_flux_or_stage_d_but_missing_stage_f; validate_before_discovery_ranking,0.6561423540115356,True,0.6186052526996079,0.25,False,0.22,0.0,hold_deeper_eval,,14.945896123012062,22,7,0.6776773904009382,0.5789473684210527,1.0625933563426753,,,,,,0.0,0.0,0.0,0.0,13,0.6007428765296936,0.5184656500816345,768,1280,2327.5845975856973,plots\k2_batch\epics\EPIC_211908778\events.csv,,Tier_A,12,25,0.7854580036870729,0.09375,15.44506749474443,promote: 12 events have duration_cadences>=10 and shape_score>=0.74; max_duration_cadences=24; spike_fraction_2cadence=0.094,True,32,32,validated,0.1167924478056432,5,5,1.0,1.0,0.2,1.0,1,0,0,3,"finite period with support=22, but deeper-eval guardrails are incomplete or marginal; reason=validated",,,,,0.8203809701911595,0.7321428571428572,0.0,1.0,candidate_like,science_like,,,,,,,,,,,,,True,False,True,True,0.4468011370789394,0.2968011370789394,0.15,False
31,32,EPIC_211552564,0.406905131747309,True,high_flux_or_stage_d_but_missing_stage_f; validate_before_discovery_ranking,0.6611554622650146,True,0.5840028798182156,0.25,False,0.22,0.0,pass_deeper_eval,,18.53167560711927,12,4,0.6805579546258204,0.793103448275862,0.640682887058847,,,,,,0.0,0.0,0.0,0.0,13,0.6123601992925009,0.5135226875543595,512,1024,2322.3534946055406,plots\k2_batch\epics\EPIC_211552564\events.csv,,Tier_A,5,14,0.8044802540322845,0.2592592592592592,25.17457858889244,promote: 5 events have duration_cadences>=10 and shape_score>=0.74; max_duration_cadences=24; spike_fraction_2cadence=0.259,True,27,27,validated,0.9387715253220872,4,4,1.0,0.75,0.5,0.75,1,0,0,3,period_support_count=12; depth_consistency=0.681; duration_consistency=0.793; validated cache-light-curve support,,,,,0.6837433493718077,0.2592592592592594,0.0,1.0,,unresolved,,,,,,,,,,,,,False,True,False,False,0.43990513174730905,0.28990513174730903,0.15,False
32,25,EPIC_211813858,0.4427567415330658,False,,0.5686697959899902,True,0.71088861020503,0.5576843546093941,True,0.4894728551135784,0.45,pass_deeper_eval,stage_f_reject,14.53720362356762,13,7,0.8271792056313673,0.8571428571428571,0.4522626293972148,4.508235815995411,0.0,0.3617146841910373,1.6057306635251722,0.4615384615384615,0.7234293683820746,0.0,0.8028653317625861,0.223076923076923,13,0.4659824073314667,0.3646062970161438,256,768,2317.122608021673,plots\k2_batch\epics\EPIC_211813858\events.csv,k2_stage_f_next10_batch2_validation.csv,Tier_A,11,22,0.8361442733286226,0.1388888888888889,12.78462599703723,promote: 11 events have duration_cadences>=10 and shape_score>=0.74; max_duration_cadences=23; spike_fraction_2cadence=0.139,True,36,36,validated,0.1390239871446164,5,5,1.0,0.6,0.6,0.6,1,0,0,3,period_support_count=13; depth_consistency=0.827; duration_consistency=0.857; validated cache-light-curve support,0.5576843546093941,1.0,0.0,0.5576843546093941,0.7902563039156274,0.6031746031746031,0.0954747412055704,0.9045252587944296,low_priority_negative,not_science_like,,,,,,,,,,,,,True,False,True,False,0.5161776698001026,0.2890585016508334,0.2271191681492692,False
33,33,EPIC_211936906,0.4002820515823274,True,high_flux_or_stage_d_but_missing_stage_f; validate_before_discovery_ranking,0.7025758028030396,True,0.4995220824050547,0.25,False,0.22,0.0,hold_deeper_eval,,15.466843811052968,10,5,0.7295375307167936,0.95,0.9762690823835812,,,,,,0.0,0.0,0.0,0.0,13,0.659423847993215,0.6047794461250305,2304,2816,2358.9671346082105,plots\k2_batch\epics\EPIC_211936906\events.csv,,Tier_A,6,14,0.7820585938344654,0.2,37.58595517742893,promote: 6 events have duration_cadences>=10 and shape_score>=0.74; max_duration_cadences=24; spike_fraction_2cadence=0.200,True,25,25,validated,0.0166297572708197,5,5,1.0,0.8,0.4,0.8,1,0,0,3,"finite period with support=10, but deeper-eval guardrails are incomplete or marginal; reason=validated",,,,,0.7084764071141781,0.4285714285714285,0.0,1.0,,unresolved,,,,,,,,,,,,,False,True,False,False,0.43328205158232747,0.28328205158232744,0.15,False
34,34,EPIC_211404127,0.4002642440509245,True,high_flux_or_stage_d_but_missing_stage_f; validate_before_discovery_ranking,0.626497745513916,True,0.605960132484216,0.25,False,0.22,0.0,hold_deeper_eval,,18.613248512338032,18,5,0.7074872271360473,0.9583333333333334,0.8744076688099227,,,,,,0.0,0.0,0.0,0.0,13,0.615492026011149,0.5856147706508636,768,1280,2327.584354993047,plots\k2_batch\epics\EPIC_211404127\events.csv,,Tier_A,9,15,0.8714097297986186,0.217391304347826,45.83294928205858,promote: 9 events have duration_cadences>=10 and shape_score>=0.74; max_duration_cadences=24; spike_fraction_2cadence=0.217,True,23,23,validated,0.2451514933312252,4,4,1.0,1.0,0.75,1.0,1,0,0,3,"finite period with support=18, but deeper-eval guardrails are incomplete or marginal; reason=validated",,,,,0.8437326263441811,0.37888198757764,0.0,1.0,candidate_like,science_like,,,,,,,,,,,,,True,False,True,True,0.43326424405092456,0.28326424405092454,0.15,False
35,35,EPIC_211759361,0.3967442901404274,True,high_flux_or_stage_d_but_missing_stage_f; validate_before_discovery_ranking,0.7104972004890442,True,0.4742810798770479,0.25,False,0.22,0.0,hold_deeper_eval,,14.608622348492643,9,6,0.6401872019514141,0.5416666666666666,0.9940254899377609,,,,,,0.0,0.0,0.0,0.0,13,0.680075446764628,0.6192325711250305,2816,3328,2369.489274987744,plots\k2_batch\epics\EPIC_211759361\events.csv,,Tier_A,12,14,0.8208052670808792,0.3043478260869565,23.945370503574136,promote: 12 events have duration_cadences>=10 and shape_score>=0.74; max_duration_cadences=24; spike_fraction_2cadence=0.304,True,23,23,validated,0.7586970797554423,5,5,1.0,0.8,0.4,0.8,1,0,0,3,"finite period with support=9, but deeper-eval guardrails are incomplete or marginal; reason=validated",,,,,0.7104170115149577,0.1304347826086956,0.0,1.0,candidate_like,science_like,,,,,,,,,,,,,True,False,True,True,0.4297442901404274,0.27974429014042745,0.15,False
36,37,EPIC_211598703,0.392816648039786,True,high_flux_or_stage_d_but_missing_stage_f; validate_before_discovery_ranking,0.7037513256072998,True,0.4680147363089244,0.25,False,0.22,0.0,hold_deeper_eval,,16.16143666474818,10,5,0.5372787952026615,1.0,1.898690062737305,,,,,,0.0,0.0,0.0,0.0,13,0.661736269791921,0.6045370638370514,2048,2560,2353.736327311628,plots\k2_batch\epics\EPIC_211598703\events.csv,,Tier_A,13,17,0.8241932430833396,0.3,47.90929311449544,promote: 13 events have duration_cadences>=10 and shape_score>=0.74; max_duration_cadences=24; spike_fraction_2cadence=0.300,True,30,30,validated,0.2518863511424123,5,5,1.0,0.4,0.6,0.4,1,0,0,3,"finite period with support=10, but deeper-eval guardrails are incomplete or marginal; reason=validated",,,,,0.701411699331441,0.1428571428571428,0.0,1.0,noise_or_artifact,not_science_like,,,,,,,,,,,,,True,False,True,False,0.425816648039786,0.275816648039786,0.15,False
37,24,EPIC_211887206,0.4438524538103628,False,,0.6916623115539551,True,0.6535368834776326,0.4730456955882819,True,0.5325000000000001,0.45,pass_deeper_eval,stage_f_reject,16.447552240118966,12,6,0.7496720298217943,0.5909090909090909,0.6119158456281801,3.952763014459257,0.0,0.6836796591255083,2.4644314325483214,0.4166666666666667,1.0,0.0,1.0,0.1333333333333334,13,0.5632018744945526,0.4724114596843719,0,512,2311.831093650552,plots\k2_batch\epics\EPIC_211887206\events.csv,k2_stage_f_next10_batch2_validation.csv,Tier_A,9,21,0.8247170500711752,0.1212121212121212,25.2909653122875,promote: 9 events have duration_cadences>=10 and shape_score>=0.74; max_duration_cadences=24; spike_fraction_2cadence=0.121,True,33,33,validated,0.3465786803647431,4,4,1.0,0.75,0.25,0.75,1,0,0,3,period_support_count=12; depth_consistency=0.750; duration_consistency=0.591; validated cache-light-curve support,0.4730456955882819,1.0,0.0,0.4730456955882819,0.7252508715200778,0.6536796536796536,0.0,1.0,low_priority_negative,not_science_like,,,,,,,,,,,,,True,False,True,False,0.5237274538103629,0.26706078714369624,0.25666666666666665,False
38,39,EPIC_211746706,0.3829068502075109,True,high_flux_or_stage_d_but_missing_stage_f; validate_before_discovery_ranking,0.6493770480155945,True,0.5044995336082114,0.25,False,0.22,0.0,hold_deeper_eval,,17.959520721076842,14,4,0.7467553915947358,0.9285714285714286,0.8552822328739973,,,,,,0.0,0.0,0.0,0.0,13,0.6341285904248556,0.5604406952857971,768,1280,2327.583533379573,plots\k2_batch\epics\EPIC_211746706\events.csv,,Tier_A,7,15,0.8276325603836964,0.25,20.151037204623343,promote: 7 events have duration_cadences>=10 and shape_score>=0.74; max_duration_cadences=24; spike_fraction_2cadence=0.250,True,24,24,validated,0.5362295837312623,5,5,1.0,0.8,0.4,0.8,1,0,0,3,"finite period with support=14, but deeper-eval guardrails are incomplete or marginal; reason=validated",,,,,0.7302259120657631,0.2857142857142857,0.0,1.0,noise_or_artifact,not_science_like,,,,,,,,,,,,,True,False,True,False,0.41590685020751095,0.2659068502075109,0.15,False
39,40,EPIC_211537297,0.3786798477323171,True,high_flux_or_stage_d_but_missing_stage_f; validate_before_discovery_ranking,0.6927534937858582,True,0.4268644996290671,0.25,False,0.22,0.0,hold_deeper_eval,,18.75653827464748,11,6,0.7403939532843231,0.75,1.2683397202704518,,,,,,0.0,0.0,0.0,0.0,13,0.6339937448501587,0.5883530676364899,0,512,2311.831277880592,plots\k2_batch\epics\EPIC_211537297\events.csv,,Tier_A,7,9,0.7983135201489309,0.2857142857142857,24.50984846073308,promote: 7 events have duration_cadences>=10 and shape_score>=0.74; max_duration_cadences=22; spike_fraction_2cadence=0.286,True,35,35,validated,0.5909553772335348,4,4,1.0,0.5,0.5,0.5,1,0,0,3,"finite period with support=11, but deeper-eval guardrails are incomplete or marginal; reason=validated",,,,,0.6467486431514259,0.183673469387755,0.0,1.0,uncertain_hold,unresolved,,,,,,,,,,,,,True,False,False,False,0.4116798477323171,0.2616798477323171,0.15,False
40,41,EPIC_211423229,0.3756967659273577,True,high_flux_or_stage_d_but_missing_stage_f; validate_before_discovery_ranking,0.6713709831237793,True,0.4448676873361398,0.25,False,0.22,0.0,hold_deeper_eval,,12.54515116427524,7,3,0.7553440299994697,0.75,2.507713239102722,,,,,,0.0,0.0,0.0,0.0,13,0.6568306883176168,0.6136233687400818,1024,1536,2332.814583531916,plots\k2_batch\epics\EPIC_211423229\events.csv,,Tier_A,12,17,0.8104949006208213,0.125,31.83704056415907,promote: 12 events have duration_cadences>=10 and shape_score>=0.74; max_duration_cadences=24; spike_fraction_2cadence=0.125,True,24,24,validated,0.2018564030620296,6,6,1.0,0.3333333333333333,0.3333333333333333,0.3333333333333333,1,0,0,3,"finite period with support=7, but deeper-eval guardrails are incomplete or marginal; reason=validated",,,,,0.6183055420475573,0.6428571428571428,0.0,1.0,noise_or_artifact,not_science_like,,,,,,,,,,,,,True,False,True,False,0.4086967659273577,0.2586967659273577,0.15,False
41,48,EPIC_211791780,0.3541046084993322,True,high_flux_or_stage_d_but_missing_stage_f; validate_before_discovery_ranking,0.5116586685180664,True,0.562358093844284,0.25,False,0.1871029929537471,0.0,pass_deeper_eval,,18.00028949379339,10,6,0.6753294941574156,0.6666666666666666,0.4252340748948799,,,,,,0.0,0.0,0.0,0.0,13,0.4996993641058604,0.4266692727804184,256,768,2317.1230111163604,plots\k2_batch\epics\EPIC_211791780\events.csv,,Tier_A,9,13,0.821541034646183,0.1071428571428571,22.428621874213,promote: 9 events have duration_cadences>=10 and shape_score>=0.74; max_duration_cadences=22; spike_fraction_2cadence=0.107,True,28,28,validated,0.4481410461847632,4,4,1.0,0.25,0.25,0.25,1,0,0,3,period_support_count=10; depth_consistency=0.675; duration_consistency=0.667; validated cache-light-curve support,,,,,0.593233228943324,0.6938775510204083,0.1495318502102401,0.8504681497897598,uncertain_hold,unresolved,,,,,,,,,,,,,True,False,False,False,0.38217005744239424,0.25459983497393024,0.12757022246846397,False
42,42,EPIC_211562803,0.36980893718058,True,high_flux_or_stage_d_but_missing_stage_f; validate_before_discovery_ranking,0.5512091517448425,True,0.5895429362795407,0.25,False,0.22,0.0,pass_deeper_eval,,12.40209570488514,11,4,0.7462795824393826,0.8,0.6153180351976464,,,,,,0.0,0.0,0.0,0.0,13,0.5318184097607931,0.4882980763912201,2816,3328,2369.4902545458863,plots\k2_batch\epics\EPIC_211562803\events.csv,,Tier_A,8,17,0.9156760507366252,0.1290322580645161,27.09957224962161,promote: 8 events have duration_cadences>=10 and shape_score>=0.74; max_duration_cadences=24; spike_fraction_2cadence=0.129,True,31,31,validated,0.6334772918694553,6,6,1.0,0.5,0.1666666666666666,0.5,1,0,0,3,period_support_count=11; depth_consistency=0.746; duration_consistency=0.800; validated cache-light-curve support,,,,,0.649661780221762,0.631336405529954,0.0,1.0,uncertain_hold,unresolved,,,,,,,,,,,,,True,False,False,False,0.4028089371805801,0.25280893718058006,0.15,False
43,43,EPIC_211821200,0.3696784613311064,True,high_flux_or_stage_d_but_missing_stage_f; validate_before_discovery_ranking,0.5946117639541626,True,0.528257375788598,0.25,False,0.22,0.0,hold_deeper_eval,,16.794808524282416,11,4,0.5407121081776027,0.5869565217391304,1.9009976808334463,,,,,,0.0,0.0,0.0,0.0,13,0.5861242612202963,0.5268163591623306,768,1280,2327.584138443901,plots\k2_batch\epics\EPIC_211821200\events.csv,,Tier_A,10,18,0.8895670170438023,0.074074074074074,27.4716041911648,promote: 10 events have duration_cadences>=10 and shape_score>=0.74; max_duration_cadences=24; spike_fraction_2cadence=0.074,True,27,27,validated,0.0694295984893227,4,4,1.0,0.75,0.5,0.75,1,0,0,3,"finite period with support=11, but deeper-eval guardrails are incomplete or marginal; reason=validated",,,,,0.7040304815075817,0.7883597883597886,0.0,1.0,uncertain_hold,unresolved,,,,,,,,,,,,,True,False,False,False,0.4026784613311064,0.2526784613311064,0.15,False
44,44,EPIC_211631955,0.3674381612945168,True,high_flux_or_stage_d_but_missing_stage_f; validate_before_discovery_ranking,0.6326863169670105,True,0.4659918014242526,0.25,False,0.22,0.0,hold_deeper_eval,,17.15240334661553,15,3,0.6621868776128363,0.8888888888888888,1.4850150403796096,,,,,,0.0,0.0,0.0,0.0,13,0.5984025200208029,0.4593118667602539,3072,3584,2374.719969506612,plots\k2_batch\epics\EPIC_211631955\events.csv,,Tier_A,6,17,0.8495236454995886,0.0689655172413793,18.032928414960608,promote: 6 events have duration_cadences>=10 and shape_score>=0.74; max_duration_cadences=18; spike_fraction_2cadence=0.069,True,29,29,validated,0.2185334539488654,5,5,1.0,0.4,0.2,0.4,1,0,0,3,"finite period with support=15, but deeper-eval guardrails are incomplete or marginal; reason=validated",,,,,0.6264948677707756,0.8029556650246306,0.0,1.0,uncertain_hold,unresolved,,,,,,,,,,,,,True,False,False,False,0.4004381612945168,0.2504381612945168,0.15,False
45,45,EPIC_211306307,0.3632536290919753,True,high_flux_or_stage_d_but_missing_stage_f; validate_before_discovery_ranking,0.6227284073829651,True,0.4631947460317505,0.25,False,0.22,0.0,hold_deeper_eval,,14.91521162303252,16,6,0.802554374758094,0.6666666666666666,3.293432511169989,,,,,,0.0,0.0,0.0,0.0,13,0.6047624349594116,0.5413469970226288,3072,3584,2374.720125816126,plots\k2_batch\epics\EPIC_211306307\events.csv,,Tier_A,7,13,0.8840099233311842,0.2666666666666666,64.91501476538352,promote: 7 events have duration_cadences>=10 and shape_score>=0.74; max_duration_cadences=23; spike_fraction_2cadence=0.267,True,30,30,validated,0.6557469073471405,5,5,1.0,0.6,0.2,0.6,1,0,0,3,"finite period with support=16, but deeper-eval guardrails are incomplete or marginal; reason=validated",,,,,0.6850807007355842,0.2380952380952382,0.0,1.0,noise_or_artifact,not_science_like,,,,,,,,,,,,,True,False,True,False,0.39625362909197537,0.24625362909197537,0.15,False
46,47,EPIC_211770415,0.3542623662236795,True,high_flux_or_stage_d_but_missing_stage_f; validate_before_discovery_ranking,0.6365688443183899,True,0.4078530828489726,0.25,False,0.22,0.0,hold_deeper_eval,,16.958293843759748,10,4,0.5374247695621779,0.5750000000000001,1.6849913030598571,,,,,,0.0,0.0,0.0,0.0,13,0.6168115337689718,0.5637410402297973,2816,3328,2369.489560745915,plots\k2_batch\epics\EPIC_211770415\events.csv,,Tier_A,6,14,0.8017684642492038,0.217391304347826,24.060001579221566,promote: 6 events have duration_cadences>=10 and shape_score>=0.74; max_duration_cadences=24; spike_fraction_2cadence=0.217,True,23,23,validated,0.9784418543348168,4,4,1.0,0.5,0.5,0.5,1,0,0,3,"finite period with support=10, but deeper-eval guardrails are incomplete or marginal; reason=validated",,,,,0.6021386633743719,0.37888198757764,0.0,1.0,uncertain_hold,unresolved,,,,,,,,,,,,,True,False,False,False,0.3872623662236796,0.2372623662236796,0.15,False
47,49,EPIC_211409604,0.3380879859290902,True,high_flux_or_stage_d_but_missing_stage_f; validate_before_discovery_ranking,0.5682498216629028,True,0.4388021933882969,0.25,False,0.22,0.0,hold_deeper_eval,,16.284045151696773,12,4,0.6300410379034013,0.5853658536585366,0.9143901559664503,,,,,,0.0,0.0,0.0,0.0,13,0.5487634936968485,0.4615509420633316,2816,3328,2369.4899770134325,plots\k2_batch\epics\EPIC_211409604\events.csv,,Tier_A,8,14,0.8856846318009106,0.1333333333333333,36.43377180860857,promote: 8 events have duration_cadences>=10 and shape_score>=0.74; max_duration_cadences=22; spike_fraction_2cadence=0.133,True,30,30,validated,0.6915250107251673,5,5,1.0,0.4,0.4,0.4,1,0,0,3,"finite period with support=12, but deeper-eval guardrails are incomplete or marginal; reason=validated",,,,,0.613521838626843,0.6190476190476191,0.0,1.0,uncertain_hold,unresolved,,,,,,,,,,,,,True,False,False,False,0.3710879859290902,0.2210879859290902,0.15,False
48,50,EPIC_211511562,0.3147820915776825,False,,0.4124777317047119,False,0.5636595419241336,0.25,False,0.22,0.0,pass_deeper_eval,,17.499746383455204,11,4,0.764320721446767,0.7631578947368421,0.616702575084241,,,,,,0.0,0.0,0.0,0.0,13,0.4070461094379425,0.3679318934679031,3072,3584,2374.720622580008,plots\k2_batch\epics\EPIC_211511562\events.csv,,Tier_A,8,17,0.929918178983926,0.1034482758620689,19.62805457049204,promote: 8 events have duration_cadences>=10 and shape_score>=0.74; max_duration_cadences=21; spike_fraction_2cadence=0.103,True,29,29,validated,0.9987376042290363,4,4,1.0,0.25,0.25,0.25,1,0,0,3,period_support_count=11; depth_consistency=0.764; duration_consistency=0.763; validated cache-light-curve support,,,,,0.6100738135924494,0.704433497536946,0.0,1.0,,unresolved,,,,,,,,,,,,,False,True,False,False,0.3477820915776826,0.1977820915776826,0.15,False
49,51,EPIC_211686773,0.3047555402331334,False,,0.4003331363201141,False,0.5405557700843742,0.25,False,0.22,0.0,hold_deeper_eval,,18.9197125450155,17,5,0.580103535975053,0.7142857142857143,2.846872512307569,,,,,,0.0,0.0,0.0,0.0,13,0.3697722554206848,0.336387950181961,3072,3584,2374.720030145316,plots\k2_batch\epics\EPIC_211686773\events.csv,,Tier_A,9,20,0.8969397984133887,0.0625,40.33396727412399,promote: 9 events have duration_cadences>=10 and shape_score>=0.74; max_duration_cadences=24; spike_fraction_2cadence=0.062,True,32,32,validated,0.917912723889884,4,4,1.0,0.5,0.5,0.5,1,0,0,3,"finite period with support=17, but deeper-eval guardrails are incomplete or marginal; reason=validated",,,,,0.7153990227509789,0.8214285714285714,0.0,1.0,,unresolved,,,,,,,,,,,,,False,True,False,False,0.3377555402331335,0.18775554023313348,0.15,False
50,14,EPIC_211425098,0.5015077287386146,True,high_flux_or_stage_d_but_missing_stage_f; validate_before_discovery_ranking,0.6942556500434875,True,0.7842805349856147,0.3622096654418557,False,0.000345883486731,0.0,pass_deeper_eval,,12.238654773791268,12,9,0.6942596401724904,0.5499999999999999,0.0007860988334796,,,,,,0.914979782133691,1.0,0.5486291875427074,1.0,13,0.6700877547264099,0.599196708202362,1024,1536,2332.8144031941047,plots\k2_batch\epics\EPIC_211425098\events.csv,,Tier_A,10,12,0.8584246258398098,0.2352941176470588,17.442358768641615,promote: 10 events have duration_cadences>=10 and shape_score>=0.74; max_duration_cadences=24; spike_fraction_2cadence=0.235,True,17,17,validated,0.8893543510346331,6,6,1.0,1.0,0.8333333333333334,1.0,1,0,0,3,period_support_count=12; depth_consistency=0.694; duration_consistency=0.550; validated cache-light-curve support,,,,,0.8108856517759918,0.3277310924369748,0.9984278023330408,0.0015721976669592,noise_or_artifact,not_science_like,stage_f_hold,20.095738911359984,1.0445932635200368,,0.4574898910668455,1.0972583750854148,1.0,0.3622096654418557,0.914979782133691,1.0,0.5486291875427074,1.0,True,False,True,False,0.5296120276220883,0.18750214154776385,0.3421098860743244,False
51,52,EPIC_211434347,0.2888915404506994,False,,0.3952902853488922,False,0.4841597623143486,0.25,False,0.22,0.0,hold_deeper_eval,,19.839143887955288,17,3,0.5390502644052498,0.8333333333333334,1.5495709138913736,,,,,,0.0,0.0,0.0,0.0,13,0.3857041398684184,0.3250495105981826,2048,2560,2353.7366140703816,plots\k2_batch\epics\EPIC_211434347\events.csv,,Tier_A,8,22,0.8416704063048437,0.2,39.37458387888516,promote: 8 events have duration_cadences>=10 and shape_score>=0.74; max_duration_cadences=22; spike_fraction_2cadence=0.200,True,35,35,validated,0.3514680268090358,4,4,1.0,0.5,0.5,0.5,1,0,0,3,"finite period with support=17, but deeper-eval guardrails are incomplete or marginal; reason=validated",,,,,0.6897418704181952,0.4285714285714285,0.0,1.0,,unresolved,,,,,,,,,,,,,False,True,False,False,0.3218915404506994,0.1718915404506994,0.15,False
52,46,EPIC_211878672,0.362382611385029,False,,0.7071822881698608,True,0.5887875240625448,0.2866786727101217,True,0.693318257783926,0.45,pass_deeper_eval,stage_f_reject,10.716529819124844,12,5,0.702255420152783,1.0,0.4644882221400456,3.3834864653572074,0.5893709112309939,0.3753446363522353,1.4604826671367306,0.5,0.7506892727044706,1.0,0.7302413335683653,0.3,13,0.6451448599497477,0.4924713939428329,1536,2048,2343.2762280631,plots\k2_batch\epics\EPIC_211878672\events.csv,k2_stage_f_next10_batch2_validation.csv,Tier_A,12,23,0.8853581922368572,0.2424242424242424,25.93119712533738,promote: 12 events have duration_cadences>=10 and shape_score>=0.74; max_duration_cadences=23; spike_fraction_2cadence=0.242,True,33,33,validated,0.4132689921444665,7,7,1.0,0.2857142857142857,0.1428571428571428,0.2857142857142857,1,0,0,3,period_support_count=12; depth_consistency=0.702; duration_consistency=1.000; validated cache-light-curve support,0.2866786727101217,1.0,1.5496674161889905,0.2866786727101217,0.6765037394944089,0.3073593073593074,0.0710235557199088,0.9289764442800912,low_priority_negative,not_science_like,,,,,,,,,,,,,True,False,True,False,0.4663803500526179,0.1390097500537677,0.3273705999988502,False
