epic_id,training_label_v3,science_binary_v3,training_label_rule,final_candidate_status,review_bin,source_batch,best_period_days,stage_f_label,stage_h_label,visual_label,reviewer,reviewed_at,model_score,model_score_top3_mean,model_score_top10_mean,model_score_mean,model_score_median,flux_num_segments_x,best_segment_start,best_segment_end,best_segment_mid_time,best_segment_raw_score,target_science_like,binary_eval_included,rank_by_model_score,flux_p_science_like,flux_p_top3_mean,flux_p_top10_mean,flux_num_segments_y,flux_best_segment_start,flux_best_segment_end,flux_best_segment_mid_time,score_minus_existing_flux_p_science_like,abs_score_delta_vs_existing_flux,pred_at_clean_shortlist_threshold,pred_at_best_f1_threshold,correct_at_clean_shortlist_threshold,correct_at_best_f1_threshold,notes_reason
EPIC_211732801,binary_system,not_science_like,final_candidate_status:reject_likely_eclipsing_binary,reject_likely_eclipsing_binary,likely_eclipsing_binary_reject,stage_f_hybrid_v2_reviewed,8.499644226245664,stage_f_likely_eb,,visual_reject_likely_eclipsing_binary,,2026-05-04,0.970463216304779,0.9662604133288065,0.9284125506877899,0.9160173351948078,0.9088298678398132,13,1536,2048,2343.275633475976,0.970463216304779,0,True,1,0.970463216304779,0.9662604133288064,0.92841255068779,13,1536,2048,2343.275633475976,0.0,0.0,True,True,incorrect,incorrect,training_label_rule=final_candidate_status:reject_likely_eclipsing_binary; final_candidate_status=reject_likely_eclipsing_binary; review_bin=likely_eclipsing_binary_reject; source_batch=stage_f_hybrid_v2_reviewed; stage_f_label=stage_f_likely_eb; visual_label=visual_reject_likely_eclipsing_binary
EPIC_212001099,planet_like,science_like,final_candidate_status:promote_primary_candidate,promote_primary_candidate,promoted_keep_reviewing,stage_f_next10_batch2_manual_review,16.325087564604473,stage_f_planet_like,,visual_promote_primary_candidate,OC,2026-04-30,0.8128641843795776,0.7879082560539246,0.7649751782417298,0.48901809779905325,0.48307138681411743,427,45824,46336,2338.0451522270705,0.8128641843795776,1,True,2,0.8128641843795776,0.7879082560539246,0.7649751782417298,427,45824,46336,2338.0451522270705,0.0,0.0,True,True,correct,correct,training_label_rule=final_candidate_status:promote_primary_candidate; final_candidate_status=promote_primary_candidate; review_bin=promoted_keep_reviewing; source_batch=stage_f_next10_batch2_manual_review; stage_f_label=stage_f_planet_like; visual_label=visual_promote_primary_candidate
EPIC_211490307,noise_or_artifact,not_science_like,final_candidate_status:reject_manual_false_positive,reject_manual_false_positive,manual_false_positive_visual_review,stage_f_next10_batch1,12.80064960272307,stage_f_planet_like,,visual_reject_after_manual_review,OC,2026-04-30,0.7290341258049011,0.6968155900637308,0.6275667309761047,0.6041814639018133,0.611229658126831,13,768,1280,2327.584675439608,0.7290341258049011,0,True,3,0.7290341258049011,0.6968155900637308,0.6275667309761047,13,768,1280,2327.584675439608,0.0,0.0,True,True,incorrect,incorrect,training_label_rule=final_candidate_status:reject_manual_false_positive; final_candidate_status=reject_manual_false_positive; review_bin=manual_false_positive_visual_review; source_batch=stage_f_next10_batch1; stage_f_label=stage_f_planet_like; visual_label=visual_reject_after_manual_review
EPIC_211759361,candidate_like,science_like,manual_stage_f_label:promote_to_deeper_eval,promote_to_deeper_eval,manual_stage_f_v3_review,batch2,14.608622348492643,stage_f_planet_like,,promote_to_deeper_eval,OC,2026-05-04,0.7104972004890442,0.680075446764628,0.6192325711250305,0.6017503142356873,0.5972497463226318,13,2816,3328,2369.4892749877436,0.7104972004890442,1,True,4,0.7104972004890442,0.680075446764628,0.6192325711250305,13,2816,3328,2369.489274987744,0.0,0.0,True,True,correct,correct,training_label_rule=manual_stage_f_label:promote_to_deeper_eval; final_candidate_status=promote_to_deeper_eval; review_bin=manual_stage_f_v3_review; source_batch=batch2; stage_f_label=stage_f_planet_like; visual_label=promote_to_deeper_eval
EPIC_211878672,low_priority_negative,not_science_like,final_candidate_status:deprioritize_after_manual_visual_review,deprioritize_after_manual_visual_review,deprioritized_after_manual_visual_review,stage_f_next10_batch2_manual_review,10.716529819124844,stage_f_reject,,visual_deprioritize_after_manual_review,OC,2026-04-30,0.7071822881698608,0.6451448599497477,0.49247139394283296,0.46062949758309585,0.4190751016139984,13,1536,2048,2343.2762280630996,0.7071822881698608,0,True,5,0.7071822881698608,0.6451448599497477,0.4924713939428329,13,1536,2048,2343.2762280631,0.0,0.0,True,True,incorrect,incorrect,training_label_rule=final_candidate_status:deprioritize_after_manual_visual_review; final_candidate_status=deprioritize_after_manual_visual_review; review_bin=deprioritized_after_manual_visual_review; source_batch=stage_f_next10_batch2_manual_review; stage_f_label=stage_f_reject; visual_label=visual_deprioritize_after_manual_review
EPIC_211598703,noise_or_artifact,not_science_like,manual_stage_f_label:reject_as_noise_or_artifact,reject_as_noise_or_artifact,manual_stage_f_v3_review,batch2,16.16143666474818,stage_f_hold,,reject_as_noise_or_artifact,OC,2026-05-04,0.7037513256072998,0.661736269791921,0.6045370638370514,0.5794984079324282,0.5898889303207397,13,2048,2560,2353.736327311628,0.7037513256072998,0,True,6,0.7037513256072998,0.661736269791921,0.6045370638370514,13,2048,2560,2353.736327311628,0.0,0.0,True,True,incorrect,incorrect,training_label_rule=manual_stage_f_label:reject_as_noise_or_artifact; final_candidate_status=reject_as_noise_or_artifact; review_bin=manual_stage_f_v3_review; source_batch=batch2; stage_f_label=stage_f_hold; visual_label=reject_as_noise_or_artifact
EPIC_211833851,noise_or_artifact,not_science_like,final_candidate_status:reject_manual_false_positive,reject_manual_false_positive,manual_false_positive_stage_f_review,stage_f_hybrid_v2_reviewed,18.61323452599368,stage_f_hold,,visual_reject_after_stage_f_review,,2026-05-04,0.7019983530044556,0.6410679221153259,0.5838991194963455,0.5553514613555028,0.5669683218002319,13,1024,1536,2332.8149268150883,0.7019983530044556,0,True,7,0.7019983530044556,0.6410679221153259,0.5838991194963455,13,1024,1536,2332.8149268150883,0.0,0.0,True,True,incorrect,incorrect,training_label_rule=final_candidate_status:reject_manual_false_positive; final_candidate_status=reject_manual_false_positive; review_bin=manual_false_positive_stage_f_review; source_batch=stage_f_hybrid_v2_reviewed; stage_f_label=stage_f_hold; visual_label=visual_reject_after_stage_f_review
EPIC_211947686,noise_or_artifact,not_science_like,final_candidate_status:reject_manual_false_positive,reject_manual_false_positive,manual_false_positive_stage_f_review,stage_f_hybrid_v2_reviewed,11.881061730008014,stage_f_hold,,visual_reject_after_stage_f_review,,2026-05-04,0.699910044670105,0.6804830233256022,0.6017912924289703,0.5672054497095255,0.5763505697250366,13,1024,1536,2332.8145553142385,0.699910044670105,0,True,8,0.699910044670105,0.6804830233256022,0.6017912924289703,13,1024,1536,2332.8145553142385,0.0,0.0,False,True,correct,incorrect,training_label_rule=final_candidate_status:reject_manual_false_positive; final_candidate_status=reject_manual_false_positive; review_bin=manual_false_positive_stage_f_review; source_batch=stage_f_hybrid_v2_reviewed; stage_f_label=stage_f_hold; visual_label=visual_reject_after_stage_f_review
EPIC_211425098,noise_or_artifact,not_science_like,final_candidate_status:reject_manual_false_positive,reject_manual_false_positive,manual_false_positive_stage_f_review,stage_f_hybrid_v2_reviewed,12.238654773791268,stage_f_hold,,visual_reject_after_stage_f_review,,2026-05-04,0.6942556500434875,0.6700877547264099,0.599196708202362,0.5699793146206782,0.5539085865020752,13,1024,1536,2332.8144031941047,0.6942556500434875,0,True,9,0.6942556500434875,0.6700877547264099,0.599196708202362,13,1024,1536,2332.8144031941047,0.0,0.0,False,True,correct,incorrect,training_label_rule=final_candidate_status:reject_manual_false_positive; final_candidate_status=reject_manual_false_positive; review_bin=manual_false_positive_stage_f_review; source_batch=stage_f_hybrid_v2_reviewed; stage_f_label=stage_f_hold; visual_label=visual_reject_after_stage_f_review
EPIC_211537297,uncertain_hold,unresolved,manual_stage_f_label:hold_deeper_eval,hold_deeper_eval,manual_stage_f_v3_review,batch2,18.75653827464748,stage_f_planet_like,,hold_deeper_eval,OC,2026-05-04,0.6927534937858582,0.6339937448501587,0.5883530676364899,0.5698078205952277,0.561062216758728,13,0,512,2311.831277880592,0.6927534937858582,0,False,10,0.6927534937858582,0.6339937448501587,0.5883530676364899,13,0,512,2311.831277880592,0.0,0.0,False,True,excluded,excluded,training_label_rule=manual_stage_f_label:hold_deeper_eval; final_candidate_status=hold_deeper_eval; review_bin=manual_stage_f_v3_review; source_batch=batch2; stage_f_label=stage_f_planet_like; visual_label=hold_deeper_eval
EPIC_211887206,low_priority_negative,not_science_like,final_candidate_status:deprioritize_after_manual_visual_review,deprioritize_after_manual_visual_review,deprioritized_after_manual_visual_review,stage_f_next10_batch2_manual_review,16.447552240118966,stage_f_reject,,visual_deprioritize_after_manual_review,OC,2026-04-30,0.6916623115539551,0.5632018744945526,0.4724114596843719,0.44881995824667126,0.4352397918701172,13,0,512,2311.8310936505513,0.6916623115539551,0,True,11,0.6916623115539551,0.5632018744945526,0.4724114596843719,13,0,512,2311.831093650552,0.0,0.0,False,True,correct,incorrect,training_label_rule=final_candidate_status:deprioritize_after_manual_visual_review; final_candidate_status=deprioritize_after_manual_visual_review; review_bin=deprioritized_after_manual_visual_review; source_batch=stage_f_next10_batch2_manual_review; stage_f_label=stage_f_reject; visual_label=visual_deprioritize_after_manual_review
EPIC_211569204,noise_or_artifact,not_science_like,final_candidate_status:reject_manual_false_positive,reject_manual_false_positive,manual_false_positive_stage_f_review,stage_f_hybrid_v2_reviewed,14.659857875562466,stage_f_hold,,visual_reject_after_stage_f_review,,2026-05-04,0.6856498718261719,0.6589184006055196,0.5141399294137955,0.4719829696875352,0.4085509181022644,13,2816,3328,2369.489106186691,0.6856498718261719,0,True,12,0.6856498718261719,0.6589184006055196,0.5141399294137955,13,2816,3328,2369.489106186691,0.0,0.0,False,True,correct,incorrect,training_label_rule=final_candidate_status:reject_manual_false_positive; final_candidate_status=reject_manual_false_positive; review_bin=manual_false_positive_stage_f_review; source_batch=stage_f_hybrid_v2_reviewed; stage_f_label=stage_f_hold; visual_label=visual_reject_after_stage_f_review
EPIC_211748059,uncertain_hold,not_science_like,final_candidate_status:secondary_hold,secondary_hold,secondary_hold,stage_f_next10_batch2_manual_review,17.42822978276672,stage_f_planet_like,,visual_secondary_hold,OC,2026-04-30,0.6816136837005615,0.6523628433545431,0.5710595220327377,0.5228715951626117,0.5474653244018555,13,512,1024,2322.3535044738346,0.6816136837005615,0,True,13,0.6816136837005615,0.6523628433545431,0.5710595220327377,13,512,1024,2322.3535044738346,0.0,0.0,False,True,correct,incorrect,training_label_rule=final_candidate_status:secondary_hold; final_candidate_status=secondary_hold; review_bin=secondary_hold; source_batch=stage_f_next10_batch2_manual_review; stage_f_label=stage_f_planet_like; visual_label=visual_secondary_hold
EPIC_211739276,noise_or_artifact,not_science_like,final_candidate_status:reject_manual_false_positive,reject_manual_false_positive,manual_false_positive_visual_review,stage_f_next10_batch1,19.164904292916617,stage_f_planet_like,,visual_reject_after_manual_review,OC,2026-04-30,0.6772735118865967,0.6313258608182272,0.5550146222114563,0.5189988223405985,0.537520170211792,13,256,768,2317.1226463777275,0.6772735118865967,0,True,14,0.6772735118865967,0.6313258608182272,0.5550146222114563,13,256,768,2317.1226463777275,0.0,0.0,False,True,correct,incorrect,training_label_rule=final_candidate_status:reject_manual_false_positive; final_candidate_status=reject_manual_false_positive; review_bin=manual_false_positive_visual_review; source_batch=stage_f_next10_batch1; stage_f_label=stage_f_planet_like; visual_label=visual_reject_after_manual_review
EPIC_211926132,uncertain_hold,not_science_like,final_candidate_status:secondary_hold,secondary_hold,secondary_hold,stage_f_next10_batch2_manual_review,16.723298121680273,stage_f_reject,,visual_secondary_hold,OC,2026-04-30,0.6761777400970459,0.6510870655377706,0.5633841931819916,0.5241243976813096,0.5283234119415283,13,1280,1792,2338.0451065291927,0.6761777400970459,0,True,15,0.6761777400970459,0.6510870655377706,0.5633841931819916,13,1280,1792,2338.0451065291927,0.0,0.0,False,True,correct,incorrect,training_label_rule=final_candidate_status:secondary_hold; final_candidate_status=secondary_hold; review_bin=secondary_hold; source_batch=stage_f_next10_batch2_manual_review; stage_f_label=stage_f_reject; visual_label=visual_secondary_hold
EPIC_211554121,noise_or_artifact,not_science_like,final_candidate_status:reject_manual_false_positive,reject_manual_false_positive,manual_false_positive_visual_review,stage_f_next10_batch1,14.057024791287404,stage_f_hold,,visual_reject_after_manual_review,OC,2026-04-30,0.6750602722167969,0.6490737199783325,0.5820027351379394,0.5531911551952362,0.5534727573394775,13,1280,1792,2338.044935005535,0.6750602722167969,0,True,16,0.6750602722167969,0.6490737199783325,0.5820027351379394,13,1280,1792,2338.044935005535,0.0,0.0,False,True,correct,incorrect,training_label_rule=final_candidate_status:reject_manual_false_positive; final_candidate_status=reject_manual_false_positive; review_bin=manual_false_positive_visual_review; source_batch=stage_f_next10_batch1; stage_f_label=stage_f_hold; visual_label=visual_reject_after_manual_review
EPIC_211972767,variable_or_artifact,not_science_like,final_candidate_status:reject_likely_variable_or_binary,reject_likely_variable_or_binary,likely_variable_or_binary_reject,stage_f_hybrid_v2_reviewed,17.10134562114399,stage_f_hold,,visual_reject_likely_variable_or_binary,,2026-05-04,0.6733503341674805,0.6440232992172241,0.5533951133489609,0.5169241932722238,0.4982844591140747,13,256,768,2317.1224067020958,0.6733503341674805,0,True,17,0.6733503341674805,0.6440232992172241,0.5533951133489609,13,256,768,2317.122406702096,0.0,0.0,False,True,correct,incorrect,training_label_rule=final_candidate_status:reject_likely_variable_or_binary; final_candidate_status=reject_likely_variable_or_binary; review_bin=likely_variable_or_binary_reject; source_batch=stage_f_hybrid_v2_reviewed; stage_f_label=stage_f_hold; visual_label=visual_reject_likely_variable_or_binary
EPIC_211423229,noise_or_artifact,not_science_like,manual_stage_f_label:reject_as_noise_or_artifact,reject_as_noise_or_artifact,manual_stage_f_v3_review,batch3,12.54515116427524,stage_f_hold,,reject_as_noise_or_artifact,OC,2026-05-04,0.6713709831237793,0.6568306883176168,0.6136233687400818,0.5914266384564913,0.609299898147583,13,1024,1536,2332.8145835319156,0.6713709831237793,0,True,18,0.6713709831237793,0.6568306883176168,0.6136233687400818,13,1024,1536,2332.814583531916,0.0,0.0,False,True,correct,incorrect,training_label_rule=manual_stage_f_label:reject_as_noise_or_artifact; final_candidate_status=reject_as_noise_or_artifact; review_bin=manual_stage_f_v3_review; source_batch=batch3; stage_f_label=stage_f_hold; visual_label=reject_as_noise_or_artifact
EPIC_211954033,candidate_like,science_like,final_candidate_status:promote_candidate_alias_check,promote_candidate_alias_check,promoted_keep_reviewing,stage_f_next10_batch2_manual_review,11.441882991133753,stage_f_planet_like,,visual_promote_candidate_alias_check,OC,2026-04-30,0.6687077879905701,0.6308594743410746,0.549836179614067,0.4953746497631073,0.534408688545227,13,2304,2816,2358.9671311136044,0.6687077879905701,1,True,19,0.6687077879905701,0.6308594743410746,0.549836179614067,13,2304,2816,2358.9671311136044,0.0,0.0,False,True,incorrect,correct,training_label_rule=final_candidate_status:promote_candidate_alias_check; final_candidate_status=promote_candidate_alias_check; review_bin=promoted_keep_reviewing; source_batch=stage_f_next10_batch2_manual_review; stage_f_label=stage_f_planet_like; visual_label=visual_promote_candidate_alias_check
EPIC_211396246,noise_or_artifact,not_science_like,final_candidate_status:reject_manual_false_positive,reject_manual_false_positive,manual_false_positive_stage_f_review,stage_f_hybrid_v2_reviewed,5.0670921209678,stage_f_hold,,visual_reject_after_stage_f_review,,2026-05-04,0.6674925088882446,0.6661770542462667,0.6107338428497314,0.5857702103944925,0.5975303649902344,13,1024,1536,2332.814500321154,0.6674925088882446,0,True,20,0.6674925088882446,0.6661770542462667,0.6107338428497314,13,1024,1536,2332.814500321154,0.0,0.0,False,True,correct,incorrect,training_label_rule=final_candidate_status:reject_manual_false_positive; final_candidate_status=reject_manual_false_positive; review_bin=manual_false_positive_stage_f_review; source_batch=stage_f_hybrid_v2_reviewed; stage_f_label=stage_f_hold; visual_label=visual_reject_after_stage_f_review
EPIC_211842439,uncertain_hold,not_science_like,final_candidate_status:hold_low_priority_candidate,hold_low_priority_candidate,low_priority_candidate_hold,stage_f_next10_batch1,15.93678195803659,stage_f_planet_like,,visual_possible_candidate_low_priority,OC,2026-04-30,0.6608452796936035,0.6238475441932678,0.5897171914577484,0.5624092335884388,0.5768492221832275,13,512,1024,2322.3534907944522,0.6608452796936035,0,True,21,0.6608452796936035,0.6238475441932678,0.5897171914577484,13,512,1024,2322.353490794452,0.0,0.0,False,True,correct,incorrect,training_label_rule=final_candidate_status:hold_low_priority_candidate; final_candidate_status=hold_low_priority_candidate; review_bin=low_priority_candidate_hold; source_batch=stage_f_next10_batch1; stage_f_label=stage_f_planet_like; visual_label=visual_possible_candidate_low_priority
EPIC_211972200,binary_system,not_science_like,final_candidate_status:reject_as_planet_binary_system,reject_as_planet_binary_system,real_nonplanet_eclipsing_binary,stage_f_next10_batch1,18.91986675386579,stage_f_planet_like,,visual_reject_eclipsing_binary,OC,2026-04-30,0.6598517894744873,0.6193408767382304,0.5453507363796234,0.5147096973199111,0.5080666542053223,13,0,512,2311.830714746153,0.6598517894744873,0,True,22,0.6598517894744873,0.6193408767382304,0.5453507363796234,13,0,512,2311.830714746153,0.0,0.0,False,True,correct,incorrect,training_label_rule=final_candidate_status:reject_as_planet_binary_system; final_candidate_status=reject_as_planet_binary_system; review_bin=real_nonplanet_eclipsing_binary; source_batch=stage_f_next10_batch1; stage_f_label=stage_f_planet_like; visual_label=visual_reject_eclipsing_binary
EPIC_211908778,candidate_like,science_like,final_candidate_status:promote_candidate_alias_check,promote_candidate_alias_check,promoted_keep_reviewing,stage_f_v3_recovery_batch1_manual_review,14.945896123012062,stage_f_hold,,visual_promote_candidate_odd_even_oot_caution,OC,2026-05-04,0.6561423540115356,0.6007428765296936,0.5184656500816345,0.4827887278336745,0.4848731458187103,13,768,1280,2327.5845975856973,0.6561423540115356,1,True,23,0.6561423540115356,0.6007428765296936,0.5184656500816345,13,768,1280,2327.5845975856973,0.0,0.0,False,True,incorrect,correct,training_label_rule=final_candidate_status:promote_candidate_alias_check; final_candidate_status=promote_candidate_alias_check; review_bin=promoted_keep_reviewing; source_batch=stage_f_v3_recovery_batch1_manual_review; stage_f_label=stage_f_hold; visual_label=visual_promote_candidate_odd_even_oot_caution
EPIC_211534076,candidate_like,science_like,final_candidate_status:recovered_known_unconfirmed_candidate,recovered_known_unconfirmed_candidate,recovered_positive_control,positive_controls,15.221580048255191,stage_f_planet_like,known_unconfirmed_candidate,,,,0.6541130542755127,0.575658897558848,0.49150389432907104,0.46399155029883754,0.4765700697898865,13,2816,3328,2369.4901159095134,0.6541130542755127,1,True,24,0.6541130542755127,0.575658897558848,0.491503894329071,13,2816,3328,2369.4901159095134,0.0,0.0,False,True,incorrect,correct,training_label_rule=final_candidate_status:recovered_known_unconfirmed_candidate; final_candidate_status=recovered_known_unconfirmed_candidate; review_bin=recovered_positive_control; source_batch=positive_controls; stage_f_label=stage_f_planet_like; stage_h_label=known_unconfirmed_candidate
EPIC_211520800,low_priority_negative,not_science_like,final_candidate_status:deprioritize_after_manual_visual_review,deprioritize_after_manual_visual_review,deprioritized_after_manual_visual_review,stage_f_next10_batch2_manual_review,15.569002305841424,stage_f_reject,,visual_deprioritize_after_manual_review,OC,2026-04-30,0.6537245512008667,0.6296626528104147,0.5664997160434723,0.5396634546610025,0.5397711992263794,13,0,512,2311.8316576306315,0.6537245512008667,0,True,25,0.6537245512008667,0.6296626528104147,0.5664997160434723,13,0,512,2311.8316576306315,0.0,0.0,False,True,correct,incorrect,training_label_rule=final_candidate_status:deprioritize_after_manual_visual_review; final_candidate_status=deprioritize_after_manual_visual_review; review_bin=deprioritized_after_manual_visual_review; source_batch=stage_f_next10_batch2_manual_review; stage_f_label=stage_f_reject; visual_label=visual_deprioritize_after_manual_review
EPIC_212003686,noise_or_artifact,not_science_like,final_candidate_status:reject_manual_false_positive,reject_manual_false_positive,manual_false_positive_visual_review,stage_f_next10_batch1,12.44296006046352,stage_f_planet_like,,visual_reject_after_manual_review,OC,2026-04-30,0.6519076824188232,0.6353590488433838,0.6027553498744964,0.5880357164603013,0.5925863981246948,13,1280,1792,2338.0447035968464,0.6519076824188232,0,True,26,0.6519076824188232,0.6353590488433838,0.6027553498744964,13,1280,1792,2338.0447035968464,0.0,0.0,False,True,correct,incorrect,training_label_rule=final_candidate_status:reject_manual_false_positive; final_candidate_status=reject_manual_false_positive; review_bin=manual_false_positive_visual_review; source_batch=stage_f_next10_batch1; stage_f_label=stage_f_planet_like; visual_label=visual_reject_after_manual_review
EPIC_211746706,noise_or_artifact,not_science_like,manual_stage_f_label:reject_as_noise_or_artifact,reject_as_noise_or_artifact,manual_stage_f_v3_review,batch2,17.959520721076842,stage_f_hold,,reject_as_noise_or_artifact,OC,2026-05-04,0.6493770480155945,0.6341285904248556,0.5604406952857971,0.5400711252139165,0.508149266242981,13,768,1280,2327.583533379573,0.6493770480155945,0,True,27,0.6493770480155945,0.6341285904248556,0.5604406952857971,13,768,1280,2327.583533379573,0.0,0.0,False,True,correct,incorrect,training_label_rule=manual_stage_f_label:reject_as_noise_or_artifact; final_candidate_status=reject_as_noise_or_artifact; review_bin=manual_stage_f_v3_review; source_batch=batch2; stage_f_label=stage_f_hold; visual_label=reject_as_noise_or_artifact
EPIC_211889692,planet_like,science_like,final_candidate_status:recovered_known_confirmed_planet,recovered_known_confirmed_planet,recovered_positive_control,positive_controls,17.673423499920546,stage_f_planet_like,known_confirmed_planet,,,,0.6479401588439941,0.6354987621307373,0.5993576586246491,0.5793982377419105,0.5882295370101929,13,2560,3072,2364.2583974767113,0.6479401588439941,1,True,28,0.6479401588439941,0.6354987621307373,0.5993576586246491,13,2560,3072,2364.2583974767117,0.0,0.0,False,True,incorrect,correct,training_label_rule=final_candidate_status:recovered_known_confirmed_planet; final_candidate_status=recovered_known_confirmed_planet; review_bin=recovered_positive_control; source_batch=positive_controls; stage_f_label=stage_f_planet_like; stage_h_label=known_confirmed_planet
EPIC_211563576,noise_or_artifact,not_science_like,final_candidate_status:reject_manual_false_positive,reject_manual_false_positive,manual_false_positive_visual_review,stage_f_next10_batch1,17.142289455598302,stage_f_hold,,visual_reject_after_manual_review,OC,2026-04-30,0.645002007484436,0.6439140637715658,0.5966962814331055,0.5723769733538995,0.569913387298584,13,3072,3584,2374.7207417951468,0.645002007484436,0,True,29,0.645002007484436,0.6439140637715658,0.5966962814331055,13,3072,3584,2374.7207417951468,0.0,0.0,False,True,correct,incorrect,training_label_rule=final_candidate_status:reject_manual_false_positive; final_candidate_status=reject_manual_false_positive; review_bin=manual_false_positive_visual_review; source_batch=stage_f_next10_batch1; stage_f_label=stage_f_hold; visual_label=visual_reject_after_manual_review
EPIC_211551640,noise_or_artifact,not_science_like,final_candidate_status:reject_manual_false_positive,reject_manual_false_positive,manual_false_positive_visual_review,stage_f_next10_batch1,10.563287809098483,stage_f_planet_like,,visual_reject_after_manual_review,OC,2026-04-30,0.6369973421096802,0.6201474865277609,0.5772376477718353,0.5596487476275518,0.576526403427124,13,3072,3584,2374.719857610882,0.6369973421096802,0,True,30,0.6369973421096802,0.6201474865277609,0.5772376477718353,13,3072,3584,2374.719857610882,0.0,0.0,False,True,correct,incorrect,training_label_rule=final_candidate_status:reject_manual_false_positive; final_candidate_status=reject_manual_false_positive; review_bin=manual_false_positive_visual_review; source_batch=stage_f_next10_batch1; stage_f_label=stage_f_planet_like; visual_label=visual_reject_after_manual_review
EPIC_211770415,uncertain_hold,unresolved,manual_stage_f_label:hold_deeper_eval,hold_deeper_eval,manual_stage_f_v3_review,batch4,16.958293843759748,stage_f_planet_like,,hold_deeper_eval,OC,2026-05-05,0.6365688443183899,0.6168115337689718,0.5637410402297973,0.550051232943168,0.5338596105575562,13,2816,3328,2369.489560745915,0.6365688443183899,0,False,31,0.6365688443183899,0.6168115337689718,0.5637410402297973,13,2816,3328,2369.489560745915,0.0,0.0,False,True,excluded,excluded,training_label_rule=manual_stage_f_label:hold_deeper_eval; final_candidate_status=hold_deeper_eval; review_bin=manual_stage_f_v3_review; source_batch=batch4; stage_f_label=stage_f_planet_like; visual_label=hold_deeper_eval
EPIC_211530033,noise_or_artifact,not_science_like,final_candidate_status:reject_manual_false_positive,reject_manual_false_positive,manual_false_positive_stage_f_review,stage_f_hybrid_v2_reviewed,15.50762230141845,stage_f_hold,,visual_reject_after_stage_f_review,,2026-05-04,0.6364273428916931,0.6301928957303365,0.603012990951538,0.5877109353358929,0.592116117477417,13,1024,1536,2332.8141939560155,0.6364273428916931,0,True,32,0.6364273428916931,0.6301928957303365,0.603012990951538,13,1024,1536,2332.8141939560155,0.0,0.0,False,True,correct,incorrect,training_label_rule=final_candidate_status:reject_manual_false_positive; final_candidate_status=reject_manual_false_positive; review_bin=manual_false_positive_stage_f_review; source_batch=stage_f_hybrid_v2_reviewed; stage_f_label=stage_f_hold; visual_label=visual_reject_after_stage_f_review
EPIC_211910082,noise_or_artifact,not_science_like,final_candidate_status:reject_manual_false_positive,reject_manual_false_positive,manual_false_positive_stage_f_review,stage_f_hybrid_v2_reviewed,19.798300977400004,stage_f_hold,,visual_reject_after_stage_f_review,,2026-05-04,0.6361042261123657,0.6265238126118978,0.589812284708023,0.5609402014659002,0.5664068460464478,13,512,1024,2322.3535499868703,0.6361042261123657,0,True,33,0.6361042261123657,0.6265238126118978,0.589812284708023,13,512,1024,2322.3535499868703,0.0,0.0,False,True,correct,incorrect,training_label_rule=final_candidate_status:reject_manual_false_positive; final_candidate_status=reject_manual_false_positive; review_bin=manual_false_positive_stage_f_review; source_batch=stage_f_hybrid_v2_reviewed; stage_f_label=stage_f_hold; visual_label=visual_reject_after_stage_f_review
EPIC_211631955,uncertain_hold,unresolved,manual_stage_f_label:hold_deeper_eval,hold_deeper_eval,manual_stage_f_v3_review,batch3,17.15240334661553,stage_f_reject,,hold_deeper_eval,OC,2026-05-04,0.6326863169670105,0.5984025200208029,0.45931186676025393,0.426416087609071,0.40070685744285583,13,3072,3584,2374.719969506612,0.6326863169670105,0,False,34,0.6326863169670105,0.5984025200208029,0.4593118667602539,13,3072,3584,2374.719969506612,0.0,0.0,False,True,excluded,excluded,training_label_rule=manual_stage_f_label:hold_deeper_eval; final_candidate_status=hold_deeper_eval; review_bin=manual_stage_f_v3_review; source_batch=batch3; stage_f_label=stage_f_reject; visual_label=hold_deeper_eval
EPIC_211988531,uncertain_hold,not_science_like,final_candidate_status:secondary_hold,secondary_hold,secondary_hold,stage_f_next10_batch2_manual_review,14.496263978912111,stage_f_planet_like,,visual_secondary_hold,OC,2026-04-30,0.6275991201400757,0.6090643803278605,0.5480101257562637,0.5255604798977191,0.4941665232181549,13,0,512,2311.8310897774136,0.6275991201400757,0,True,35,0.6275991201400757,0.6090643803278605,0.5480101257562637,13,0,512,2311.8310897774136,0.0,0.0,False,True,correct,incorrect,training_label_rule=final_candidate_status:secondary_hold; final_candidate_status=secondary_hold; review_bin=secondary_hold; source_batch=stage_f_next10_batch2_manual_review; stage_f_label=stage_f_planet_like; visual_label=visual_secondary_hold
EPIC_211404127,candidate_like,science_like,manual_stage_f_label:promote_to_deeper_eval,promote_to_deeper_eval,manual_stage_f_v3_review,batch2,18.613248512338032,stage_f_planet_like,,promote_to_deeper_eval,OC,2026-05-04,0.626497745513916,0.615492026011149,0.5856147706508636,0.5754268994698157,0.5685005187988281,13,768,1280,2327.584354993047,0.626497745513916,1,True,36,0.626497745513916,0.615492026011149,0.5856147706508636,13,768,1280,2327.584354993047,0.0,0.0,False,True,incorrect,correct,training_label_rule=manual_stage_f_label:promote_to_deeper_eval; final_candidate_status=promote_to_deeper_eval; review_bin=manual_stage_f_v3_review; source_batch=batch2; stage_f_label=stage_f_planet_like; visual_label=promote_to_deeper_eval
EPIC_211306307,noise_or_artifact,not_science_like,manual_stage_f_label:reject_as_noise_or_artifact,reject_as_noise_or_artifact,manual_stage_f_v3_review,batch4,14.91521162303252,stage_f_hold,,reject_as_noise_or_artifact,OC,2026-05-05,0.6227284073829651,0.6047624349594116,0.5413469970226288,0.5095583338003892,0.5136302709579468,13,3072,3584,2374.720125816126,0.6227284073829651,0,True,37,0.6227284073829651,0.6047624349594116,0.5413469970226288,13,3072,3584,2374.720125816126,0.0,0.0,False,True,correct,incorrect,training_label_rule=manual_stage_f_label:reject_as_noise_or_artifact; final_candidate_status=reject_as_noise_or_artifact; review_bin=manual_stage_f_v3_review; source_batch=batch4; stage_f_label=stage_f_hold; visual_label=reject_as_noise_or_artifact
EPIC_211955365,low_priority_negative,not_science_like,final_candidate_status:deprioritize_after_manual_visual_review,deprioritize_after_manual_visual_review,deprioritized_after_manual_visual_review,stage_f_next10_batch2_manual_review,13.515559290237206,stage_f_reject,,visual_deprioritize_after_manual_review,OC,2026-04-30,0.6209514737129211,0.6060840884844462,0.5684638679027557,0.5433388375318967,0.5459425449371338,13,512,1024,2322.3533197122415,0.6209514737129211,0,True,38,0.6209514737129211,0.6060840884844462,0.5684638679027557,13,512,1024,2322.353319712241,0.0,0.0,False,True,correct,incorrect,training_label_rule=final_candidate_status:deprioritize_after_manual_visual_review; final_candidate_status=deprioritize_after_manual_visual_review; review_bin=deprioritized_after_manual_visual_review; source_batch=stage_f_next10_batch2_manual_review; stage_f_label=stage_f_reject; visual_label=visual_deprioritize_after_manual_review
EPIC_211525754,noise_or_artifact,not_science_like,final_candidate_status:reject_manual_false_positive,reject_manual_false_positive,manual_false_positive_visual_review,stage_f_next10_batch1,13.198848621046864,stage_f_planet_like,,visual_reject_after_manual_review,OC,2026-04-30,0.6139881610870361,0.5995702544848124,0.5489794880151748,0.506866244169382,0.5414849519729614,13,0,512,2311.8317005818317,0.6139881610870361,0,True,39,0.6139881610870361,0.5995702544848124,0.5489794880151748,13,0,512,2311.831700581832,0.0,0.0,False,True,correct,incorrect,training_label_rule=final_candidate_status:reject_manual_false_positive; final_candidate_status=reject_manual_false_positive; review_bin=manual_false_positive_visual_review; source_batch=stage_f_next10_batch1; stage_f_label=stage_f_planet_like; visual_label=visual_reject_after_manual_review
EPIC_211821200,uncertain_hold,unresolved,manual_stage_f_label:hold_deeper_eval,hold_deeper_eval,manual_stage_f_v3_review,batch3,16.794808524282416,stage_f_hold,,hold_deeper_eval,OC,2026-05-04,0.5946117639541626,0.5861242612202963,0.5268163591623306,0.4997728444062747,0.4777308702468872,13,768,1280,2327.584138443901,0.5946117639541626,0,False,40,0.5946117639541626,0.5861242612202963,0.5268163591623306,13,768,1280,2327.584138443901,0.0,0.0,False,False,excluded,excluded,training_label_rule=manual_stage_f_label:hold_deeper_eval; final_candidate_status=hold_deeper_eval; review_bin=manual_stage_f_v3_review; source_batch=batch3; stage_f_label=stage_f_hold; visual_label=hold_deeper_eval
EPIC_211813858,low_priority_negative,not_science_like,final_candidate_status:deprioritize_after_manual_visual_review,deprioritize_after_manual_visual_review,deprioritized_after_manual_visual_review,stage_f_next10_batch2_manual_review,14.53720362356762,stage_f_reject,,visual_deprioritize_after_manual_review,OC,2026-04-30,0.5686697959899902,0.4659824073314667,0.3646062970161438,0.33477617570987117,0.3278075158596039,13,256,768,2317.122608021673,0.5686697959899902,0,True,41,0.5686697959899902,0.4659824073314667,0.3646062970161438,13,256,768,2317.122608021673,0.0,0.0,False,False,correct,correct,training_label_rule=final_candidate_status:deprioritize_after_manual_visual_review; final_candidate_status=deprioritize_after_manual_visual_review; review_bin=deprioritized_after_manual_visual_review; source_batch=stage_f_next10_batch2_manual_review; stage_f_label=stage_f_reject; visual_label=visual_deprioritize_after_manual_review
EPIC_211409604,uncertain_hold,unresolved,manual_stage_f_label:hold_deeper_eval,hold_deeper_eval,manual_stage_f_v3_review,batch4,16.284045151696773,stage_f_hold,,hold_deeper_eval,OC,2026-05-05,0.5682498216629028,0.5487634936968485,0.4615509420633316,0.4369540031139667,0.42346471548080444,13,2816,3328,2369.4899770134325,0.5682498216629028,0,False,42,0.5682498216629028,0.5487634936968485,0.4615509420633316,13,2816,3328,2369.4899770134325,0.0,0.0,False,False,excluded,excluded,training_label_rule=manual_stage_f_label:hold_deeper_eval; final_candidate_status=hold_deeper_eval; review_bin=manual_stage_f_v3_review; source_batch=batch4; stage_f_label=stage_f_hold; visual_label=hold_deeper_eval
EPIC_211562803,uncertain_hold,unresolved,manual_stage_f_label:hold_deeper_eval,hold_deeper_eval,manual_stage_f_v3_review,batch3,12.40209570488514,stage_f_planet_like,,hold_deeper_eval,OC,2026-05-04,0.5512091517448425,0.5318184097607931,0.4882980763912201,0.4536362405006702,0.4798639118671417,13,2816,3328,2369.4902545458863,0.5512091517448425,0,False,43,0.5512091517448425,0.5318184097607931,0.4882980763912201,13,2816,3328,2369.4902545458863,0.0,0.0,False,False,excluded,excluded,training_label_rule=manual_stage_f_label:hold_deeper_eval; final_candidate_status=hold_deeper_eval; review_bin=manual_stage_f_v3_review; source_batch=batch3; stage_f_label=stage_f_planet_like; visual_label=hold_deeper_eval
EPIC_211791780,uncertain_hold,unresolved,manual_stage_f_label:hold_deeper_eval,hold_deeper_eval,manual_stage_f_v3_review,batch3,18.00028949379339,stage_f_planet_like,,hold_deeper_eval,OC,2026-05-04,0.5116586685180664,0.4996993641058604,0.4266692727804184,0.4032174853178171,0.38892289996147156,13,256,768,2317.1230111163604,0.5116586685180664,0,False,44,0.5116586685180664,0.4996993641058604,0.4266692727804184,13,256,768,2317.1230111163604,0.0,0.0,False,False,excluded,excluded,training_label_rule=manual_stage_f_label:hold_deeper_eval; final_candidate_status=hold_deeper_eval; review_bin=manual_stage_f_v3_review; source_batch=batch3; stage_f_label=stage_f_planet_like; visual_label=hold_deeper_eval
EPIC_211555255,noise_or_artifact,not_science_like,final_candidate_status:reject_manual_false_positive,reject_manual_false_positive,manual_false_positive_noise_or_variability,stage_f_next10_batch1,9.929781530910986,stage_f_planet_like,,visual_reject_noise_or_variability,OC,2026-04-30,0.4000849425792694,0.38786710302035016,0.3481041669845581,0.32851111315763915,0.3286181092262268,13,256,768,2317.1236584120925,0.4000849425792694,0,True,45,0.4000849425792694,0.3878671030203501,0.3481041669845581,13,256,768,2317.1236584120925,0.0,0.0,False,False,correct,correct,training_label_rule=final_candidate_status:reject_manual_false_positive; final_candidate_status=reject_manual_false_positive; review_bin=manual_false_positive_noise_or_variability; source_batch=stage_f_next10_batch1; stage_f_label=stage_f_planet_like; visual_label=visual_reject_noise_or_variability
