queue_rank,epic_id,autovet_label,autovet_confidence,recommended_next_action,explanation_short,triggered_rules,key_metrics_used,autovet_rank_score,review_priority_score,flux_p_science_like,flux_p_top3_mean,flux_p_top10_mean,flux_num_segments,triage_score_global,triage_step_score,triage_whiteness_score,best_shape_score,best_depth_snr,n_events,n_periods_proposed,n_periods_validated,best_period_days,period_support_count,event_family_count,primary_depth,radius_ratio_sqrt_depth,primary_depth_snr,transit_duration_hours,odd_even_depth_ratio,odd_even_depth_delta_explicit,secondary_to_primary_depth_ratio,secondary_depth_snr,oot_variability_to_depth,alias_best_support_ratio,spike_fraction_2cadence,pilot_noise_like_flag,obvious_low_signal_flag,funnel_bucket,prefilter_rank,prefilter_rank_score,recommended_prefilter_action,prefilter_reason,manual_vetted,review_level,master_label,master_reason,master_next_action,decision_authority,cnn_score,morphology_positive,queue_goal,queue_policy,cnn_score_name,cnn_role,cnn_policy_version
1,EPIC_200008831,auto_candidate_with_caveat,0.7,review_candidate_with_caveats_before_any_ledger_or_label_change,"Candidate evidence is present, but one or more caveats still need manual review.",flux_model_supports_signal; adequate_period_event_support; no_fatal_secondary_or_depth_flags; moderate_primary_snr; step_systematic_caution,flux_p_science_like=0.834; triage_score_global=0.433; triage_step_score=0.8505; triage_whiteness_score=0.2697; best_shape_score=0.7306; best_depth_snr=8.536; n_events=4; n_periods_validated=3; best_period_days=6.109; primary_depth=NA; radius_ratio_sqrt_depth=NA; secondary_to_primary_depth_ratio=NA; odd_even_depth_delta_explicit=NA; oot_variability_to_depth=NA; alias_best_support_ratio=NA; spike_fraction_2cadence=NA,0.7242248953001397,0.6242248953001397,0.8340081572532654,0.7805893421173096,0.6579361498355866,13,0.4330229737901699,0.8504655393147451,0.2696728540858527,0.7305633642335856,8.535942614654859,4.0,3.0,3.0,6.109175422134285,3.0,4.0,,,8.535942614654859,,,,,,,,,False,False,needs_stage_i_plot_generation,3561,0.394724,plot_when_capacity_available_after_period_search_candidates,validated_period_available,False,auto_only,auto_candidate_with_caveat,"auto_candidate_with_caveat is never directly promotable by policy; Stage F likely EB; odd_even_ratio=0.3503, odd_even_delta=0.9622, alias_risk=high, primary_depth=4.131",review_secondary_odd_even_and_eb_features_before_label_update,internal_autovet,0.8340081572532654,true,manual_vetted_count_36_to_100,existing_stage_i_review_queue_order_excluding_already_manual_vetted,transit_morphology_score,morphology_scorer_only,frozen_batch3_transit_morphology_policy_2026-05-15
2,EPIC_200008924,auto_candidate_with_caveat,0.7,review_candidate_with_caveats_before_any_ledger_or_label_change,"Candidate evidence is present, but one or more caveats still need manual review.",flux_model_supports_signal; adequate_period_event_support; no_fatal_secondary_or_depth_flags; limited_period_support; moderate_primary_snr; step_systematic_caution,flux_p_science_like=0.6653; triage_score_global=0.4005; triage_step_score=0.7961; triage_whiteness_score=0.3597; best_shape_score=0.6677; best_depth_snr=8.339; n_events=3; n_periods_validated=1; best_period_days=2.942; primary_depth=NA; radius_ratio_sqrt_depth=NA; secondary_to_primary_depth_ratio=NA; odd_even_depth_delta_explicit=NA; oot_variability_to_depth=NA; alias_best_support_ratio=NA; spike_fraction_2cadence=NA,0.4782016364256004,0.3788511679816316,0.6653202772140503,0.6394893725713094,0.58710076212883,13,0.4004603130585282,0.7961028106638127,0.3597238121648831,0.6676582218155624,8.33886143257409,3.0,1.0,1.0,2.9421663436151,1.0,3.0,,,8.33886143257409,,,,,,,,,False,False,needs_stage_i_plot_generation,3580,0.352755,plot_when_capacity_available_after_period_search_candidates,validated_period_available; external_score_support,False,auto_only,auto_candidate_with_caveat,"auto_candidate_with_caveat is never directly promotable by policy; Stage F reject; primary_snr=3.563, num_events=2, stage_f_reason=primary transit depth is not significant in cached folded light curve",add_to_reject_audit_queue_before_training,internal_autovet,0.6653202772140503,true,manual_vetted_count_36_to_100,existing_stage_i_review_queue_order_excluding_already_manual_vetted,transit_morphology_score,morphology_scorer_only,frozen_batch3_transit_morphology_policy_2026-05-15
3,EPIC_211549072,auto_hold_needs_review,0.58,run_period_search_or_stage_i_plot_generation_before_candidate_promotion,"Some signal evidence exists, but there is no reliable saved period support.",no_reliable_period_support; possible_signal_requires_period_search,flux_p_science_like=0.9908; triage_score_global=-0.6655; triage_step_score=0.02147; triage_whiteness_score=0.9993; best_shape_score=0.838; best_depth_snr=86.28; n_events=30; n_periods_validated=0; best_period_days=NA; primary_depth=NA; radius_ratio_sqrt_depth=NA; secondary_to_primary_depth_ratio=NA; odd_even_depth_delta_explicit=NA; oot_variability_to_depth=NA; alias_best_support_ratio=NA; spike_fraction_2cadence=NA,0.7967716425657273,0.7967716425657273,0.9907761216163636,0.9666826725006104,0.8197718739509583,13,-0.6655207082091821,0.0214738126665381,0.9993124249255092,0.8380235101896251,86.28376206886168,30.0,0.0,0.0,,0.0,30.0,,,86.28376206886168,,,,,,,,,False,False,needs_period_search,1,0.773611,run_period_search_before_stage_i_plot_generation,no_saved_period_support; external_score_support; high_prefilter_score,False,auto_only,auto_hold_needs_review,"original AutoVet evidence had missing/weak saved period support; EB risk features: odd_even_ratio=0.4722, odd_even_delta=0.6746, secondary_ratio=0, alias_risk=moderate",run_period_search_before_label_update,internal_autovet,0.9907761216163635,true,manual_vetted_count_36_to_100,existing_stage_i_review_queue_order_excluding_already_manual_vetted,transit_morphology_score,morphology_scorer_only,frozen_batch3_transit_morphology_policy_2026-05-15
4,EPIC_211995966,auto_hold_needs_review,0.6,hold_for_manual_review_or_period_validation_before_promotion,"The row has possible signal evidence, but not enough clean support for candidate promotion.",possible_signal_without_clean_promotion_evidence; weak_or_moderate_primary_snr,flux_p_science_like=0.8787; triage_score_global=0.005041; triage_step_score=0.2967; triage_whiteness_score=0.4861; best_shape_score=0.707; best_depth_snr=3.366; n_events=10; n_periods_validated=3; best_period_days=1.144; primary_depth=NA; radius_ratio_sqrt_depth=NA; secondary_to_primary_depth_ratio=NA; odd_even_depth_delta_explicit=NA; oot_variability_to_depth=NA; alias_best_support_ratio=NA; spike_fraction_2cadence=NA,0.7746037582738443,0.7584857456129763,0.8787158131599426,0.874326487382253,0.8438651502132416,13,0.0050407171489437,0.2967080759652078,0.4860544112882705,0.7070237575331259,3.3663627933369327,10.0,3.0,3.0,1.144172771171725,3.0,10.0,,,3.3663627933369327,,,,,,,,,False,False,auto_reject_low_priority,4392,0.343757,deprioritize_not_final_label_do_not_train_as_negative,validated_period_available,False,auto_only,auto_hold_needs_review,"Stage F reject in hold audit; route to reject audit before any label update; artifact/reject features: primary_snr=2.728, num_events=3",add_to_reject_audit_queue_before_training,internal_autovet,0.8787158131599426,true,manual_vetted_count_36_to_100,existing_stage_i_review_queue_order_excluding_already_manual_vetted,transit_morphology_score,morphology_scorer_only,frozen_batch3_transit_morphology_policy_2026-05-15
5,EPIC_211805860,auto_hold_needs_review,0.58,run_period_search_or_stage_i_plot_generation_before_candidate_promotion,"Some signal evidence exists, but there is no reliable saved period support.",no_reliable_period_support; possible_signal_requires_period_search,flux_p_science_like=0.9799; triage_score_global=-0.6545; triage_step_score=0.03755; triage_whiteness_score=0.9927; best_shape_score=0.7917; best_depth_snr=29.67; n_events=23; n_periods_validated=0; best_period_days=NA; primary_depth=NA; radius_ratio_sqrt_depth=NA; secondary_to_primary_depth_ratio=NA; odd_even_depth_delta_explicit=NA; oot_variability_to_depth=NA; alias_best_support_ratio=NA; spike_fraction_2cadence=NA,0.7494603076489534,0.7494603076489534,0.9799116849899292,0.9780488014221193,0.9167323648929596,13,-0.6545424017524369,0.0375549731472974,0.992725441051462,0.7917292751260029,29.66899119138342,23.0,0.0,0.0,,0.0,23.0,,,29.66899119138342,,,,,,,,,False,False,needs_period_search,376,0.446494,run_period_search_before_stage_i_plot_generation,no_saved_period_support,False,auto_only,auto_hold_needs_review,"original AutoVet evidence had missing/weak saved period support; artifact/reject features: primary_snr=4.671, num_events=8",run_period_search_before_label_update,internal_autovet,0.9799116849899292,true,manual_vetted_count_36_to_100,existing_stage_i_review_queue_order_excluding_already_manual_vetted,transit_morphology_score,morphology_scorer_only,frozen_batch3_transit_morphology_policy_2026-05-15
6,EPIC_211730838,auto_hold_needs_review,0.58,run_period_search_or_stage_i_plot_generation_before_candidate_promotion,"Some signal evidence exists, but there is no reliable saved period support.",no_reliable_period_support; possible_signal_requires_period_search,flux_p_science_like=0.9896; triage_score_global=-0.6226; triage_step_score=0.1219; triage_whiteness_score=0.9736; best_shape_score=0.852; best_depth_snr=11.82; n_events=57; n_periods_validated=0; best_period_days=NA; primary_depth=NA; radius_ratio_sqrt_depth=NA; secondary_to_primary_depth_ratio=NA; odd_even_depth_delta_explicit=NA; oot_variability_to_depth=NA; alias_best_support_ratio=NA; spike_fraction_2cadence=NA,0.7469517964649529,0.7469517964649529,0.9896190762519836,0.9817512035369872,0.9634389460086824,13,-0.6226337201791865,0.12194973340431,0.973580232107512,0.8520342707506945,11.820047898454524,57.0,0.0,0.0,,0.0,57.0,,,11.820047898454524,,,,,,,,,False,False,needs_period_search,470,0.39447,run_period_search_before_stage_i_plot_generation,no_saved_period_support,False,auto_only,auto_hold_needs_review,"original AutoVet evidence had missing/weak saved period support; artifact/reject features: primary_snr=4.047, num_events=54",run_period_search_before_label_update,internal_autovet,0.9896190762519836,true,manual_vetted_count_36_to_100,existing_stage_i_review_queue_order_excluding_already_manual_vetted,transit_morphology_score,morphology_scorer_only,frozen_batch3_transit_morphology_policy_2026-05-15
7,EPIC_211586814,auto_hold_needs_review,0.58,run_period_search_or_stage_i_plot_generation_before_candidate_promotion,"Some signal evidence exists, but there is no reliable saved period support.",no_reliable_period_support; possible_signal_requires_period_search,flux_p_science_like=0.8915; triage_score_global=-0.6576; triage_step_score=0.01416; triage_whiteness_score=0.9945; best_shape_score=0.8154; best_depth_snr=43.46; n_events=17; n_periods_validated=0; best_period_days=NA; primary_depth=NA; radius_ratio_sqrt_depth=NA; secondary_to_primary_depth_ratio=NA; odd_even_depth_delta_explicit=NA; oot_variability_to_depth=NA; alias_best_support_ratio=NA; spike_fraction_2cadence=NA,0.7451250285982689,0.7451250285982689,0.8914650678634644,0.8775925834973654,0.7864209592342377,13,-0.6575603845968211,0.0141569588484834,0.9945362307580926,0.8154217580767608,43.463627452523205,17.0,0.0,0.0,,0.0,17.0,,,43.463627452523205,,,,,,,,,False,False,needs_period_search,60,0.627888,run_period_search_before_stage_i_plot_generation,no_saved_period_support; external_score_support,False,auto_only,auto_hold_needs_review,"original AutoVet evidence had missing/weak saved period support; EB risk features: odd_even_ratio=0.5385, odd_even_delta=0.6, secondary_ratio=0, alias_risk=low",run_period_search_before_label_update,internal_autovet,0.8914650678634644,true,manual_vetted_count_36_to_100,existing_stage_i_review_queue_order_excluding_already_manual_vetted,transit_morphology_score,morphology_scorer_only,frozen_batch3_transit_morphology_policy_2026-05-15
8,EPIC_212020442,auto_hold_needs_review,0.58,run_period_search_or_stage_i_plot_generation_before_candidate_promotion,"Some signal evidence exists, but there is no reliable saved period support.",no_reliable_period_support; possible_signal_requires_period_search,flux_p_science_like=0.8968; triage_score_global=-0.6642; triage_step_score=0.01767; triage_whiteness_score=0.9985; best_shape_score=0.8115; best_depth_snr=55.3; n_events=31; n_periods_validated=0; best_period_days=NA; primary_depth=NA; radius_ratio_sqrt_depth=NA; secondary_to_primary_depth_ratio=NA; odd_even_depth_delta_explicit=NA; oot_variability_to_depth=NA; alias_best_support_ratio=NA; spike_fraction_2cadence=NA,0.7428483087199219,0.7428483087199219,0.8967928290367126,0.8541512290636698,0.7530548512935639,13,-0.6641640101062071,0.0176740192452666,0.9984984060637242,0.8114725864840099,55.30061058733229,31.0,0.0,0.0,,0.0,31.0,,,55.30061058733229,,,,,,,,,False,False,needs_period_search,104,0.601309,run_period_search_before_stage_i_plot_generation,no_saved_period_support,False,auto_only,auto_hold_needs_review,original AutoVet evidence had missing/weak saved period support,run_period_search_before_label_update,internal_autovet,0.8967928290367126,true,manual_vetted_count_36_to_100,existing_stage_i_review_queue_order_excluding_already_manual_vetted,transit_morphology_score,morphology_scorer_only,frozen_batch3_transit_morphology_policy_2026-05-15
9,EPIC_211409713,auto_hold_needs_review,0.58,run_period_search_or_stage_i_plot_generation_before_candidate_promotion,"Some signal evidence exists, but there is no reliable saved period support.",no_reliable_period_support; possible_signal_requires_period_search,flux_p_science_like=0.9657; triage_score_global=-0.6565; triage_step_score=0.0222; triage_whiteness_score=0.9939; best_shape_score=0.7519; best_depth_snr=35.02; n_events=33; n_periods_validated=0; best_period_days=NA; primary_depth=NA; radius_ratio_sqrt_depth=NA; secondary_to_primary_depth_ratio=NA; odd_even_depth_delta_explicit=NA; oot_variability_to_depth=NA; alias_best_support_ratio=NA; spike_fraction_2cadence=NA,0.7339645163980263,0.7339645163980263,0.9656775593757628,0.9628158410390218,0.9434590101242064,13,-0.6564612037038222,0.0221984034442041,0.9938767222222932,0.7519119510275154,35.02133881228043,33.0,0.0,0.0,,0.0,33.0,,,35.02133881228043,,,,,,,,,False,False,needs_period_search,33,0.642453,run_period_search_before_stage_i_plot_generation,no_saved_period_support; external_score_support,False,auto_only,auto_hold_needs_review,original AutoVet evidence had missing/weak saved period support,run_period_search_before_label_update,internal_autovet,0.9656775593757629,true,manual_vetted_count_36_to_100,existing_stage_i_review_queue_order_excluding_already_manual_vetted,transit_morphology_score,morphology_scorer_only,frozen_batch3_transit_morphology_policy_2026-05-15
10,EPIC_211429653,auto_hold_needs_review,0.58,run_period_search_or_stage_i_plot_generation_before_candidate_promotion,"Some signal evidence exists, but there is no reliable saved period support.",no_reliable_period_support; possible_signal_requires_period_search,flux_p_science_like=0.8376; triage_score_global=-0.666; triage_step_score=0.01249; triage_whiteness_score=0.9996; best_shape_score=0.8245; best_depth_snr=31.64; n_events=13; n_periods_validated=0; best_period_days=NA; primary_depth=NA; radius_ratio_sqrt_depth=NA; secondary_to_primary_depth_ratio=NA; odd_even_depth_delta_explicit=NA; oot_variability_to_depth=NA; alias_best_support_ratio=NA; spike_fraction_2cadence=NA,0.7259421211482318,0.7259421211482318,0.8376439809799194,0.813077449798584,0.7664154529571533,427,-0.6659565450197219,0.0124949810086651,0.9995739270118332,0.8245288796754333,31.635228967988933,13.0,0.0,0.0,,0.0,13.0,,,31.635228967988933,,,,,,,,,False,False,needs_period_search,222,0.540741,run_period_search_before_stage_i_plot_generation,no_saved_period_support; external_score_support,False,auto_only,auto_hold_needs_review,"original AutoVet evidence had missing/weak saved period support; EB risk features: odd_even_ratio=0.2465, odd_even_delta=1.471, secondary_ratio=0, alias_risk=low; artifact/reject features: primary_snr=3.25, num_events=5",run_period_search_before_label_update,internal_autovet,0.8376439809799194,true,manual_vetted_count_36_to_100,existing_stage_i_review_queue_order_excluding_already_manual_vetted,transit_morphology_score,morphology_scorer_only,frozen_batch3_transit_morphology_policy_2026-05-15
11,EPIC_211952381,auto_hold_needs_review,0.58,run_period_search_or_stage_i_plot_generation_before_candidate_promotion,"Some signal evidence exists, but there is no reliable saved period support.",no_reliable_period_support; possible_signal_requires_period_search,flux_p_science_like=0.8227; triage_score_global=-0.6633; triage_step_score=0.03956; triage_whiteness_score=0.998; best_shape_score=0.8692; best_depth_snr=87.69; n_events=20; n_periods_validated=0; best_period_days=NA; primary_depth=NA; radius_ratio_sqrt_depth=NA; secondary_to_primary_depth_ratio=NA; odd_even_depth_delta_explicit=NA; oot_variability_to_depth=NA; alias_best_support_ratio=NA; spike_fraction_2cadence=NA,0.7236856790648142,0.7236856790648142,0.8226560354232788,0.7990825374921163,0.7463689088821411,427,-0.6633052176984278,0.0395589898846376,0.9979831306190566,0.8692289121720306,87.68611864530789,20.0,0.0,0.0,,0.0,20.0,,,87.68611864530789,,,,,,,,,False,False,needs_period_search,236,0.536341,run_period_search_before_stage_i_plot_generation,no_saved_period_support,False,auto_only,auto_hold_needs_review,original AutoVet evidence had missing/weak saved period support,run_period_search_before_label_update,internal_autovet,0.8226560354232788,true,manual_vetted_count_36_to_100,existing_stage_i_review_queue_order_excluding_already_manual_vetted,transit_morphology_score,morphology_scorer_only,frozen_batch3_transit_morphology_policy_2026-05-15
12,EPIC_211991001,auto_hold_needs_review,0.58,run_period_search_or_stage_i_plot_generation_before_candidate_promotion,"Some signal evidence exists, but there is no reliable saved period support.",no_reliable_period_support; possible_signal_requires_period_search,flux_p_science_like=0.841; triage_score_global=-0.6663; triage_step_score=0.008999; triage_whiteness_score=0.9998; best_shape_score=0.8668; best_depth_snr=22.45; n_events=24; n_periods_validated=0; best_period_days=NA; primary_depth=NA; radius_ratio_sqrt_depth=NA; secondary_to_primary_depth_ratio=NA; odd_even_depth_delta_explicit=NA; oot_variability_to_depth=NA; alias_best_support_ratio=NA; spike_fraction_2cadence=NA,0.722317404729958,0.722317404729958,0.8409702777862549,0.798186739285787,0.7592382848262786,427,-0.6663469621501102,0.0089993733313996,0.999808177290066,0.8668372310445766,22.45209843899017,24.0,0.0,0.0,,0.0,24.0,,,22.45209843899017,,,,,,,,,False,False,needs_period_search,220,0.541549,run_period_search_before_stage_i_plot_generation,no_saved_period_support,False,auto_only,auto_hold_needs_review,original AutoVet evidence had missing/weak saved period support,run_period_search_before_label_update,internal_autovet,0.8409702777862549,true,manual_vetted_count_36_to_100,existing_stage_i_review_queue_order_excluding_already_manual_vetted,transit_morphology_score,morphology_scorer_only,frozen_batch3_transit_morphology_policy_2026-05-15
13,EPIC_211920612,auto_hold_needs_review,0.58,run_period_search_or_stage_i_plot_generation_before_candidate_promotion,"Some signal evidence exists, but there is no reliable saved period support.",no_reliable_period_support; possible_signal_requires_period_search,flux_p_science_like=0.8228; triage_score_global=-0.6454; triage_step_score=0.03999; triage_whiteness_score=0.9872; best_shape_score=0.8198; best_depth_snr=1415; n_events=16; n_periods_validated=0; best_period_days=NA; primary_depth=NA; radius_ratio_sqrt_depth=NA; secondary_to_primary_depth_ratio=NA; odd_even_depth_delta_explicit=NA; oot_variability_to_depth=NA; alias_best_support_ratio=NA; spike_fraction_2cadence=NA,0.7184317753187355,0.7184317753187355,0.8228314518928528,0.7863908012708029,0.7581916570663452,427,-0.6454093899416606,0.0399888077915627,0.9872456339649964,0.8198269452603949,1414.662660857537,16.0,0.0,0.0,,0.0,16.0,,,1414.662660857537,,,,,,,,,False,False,needs_period_search,211,0.548169,run_period_search_before_stage_i_plot_generation,no_saved_period_support,False,auto_only,auto_hold_needs_review,"original AutoVet evidence had missing/weak saved period support; EB risk features: odd_even_ratio=0.3038, odd_even_delta=0.9821, secondary_ratio=0, alias_risk=low",run_period_search_before_label_update,internal_autovet,0.8228314518928528,true,manual_vetted_count_36_to_100,existing_stage_i_review_queue_order_excluding_already_manual_vetted,transit_morphology_score,morphology_scorer_only,frozen_batch3_transit_morphology_policy_2026-05-15
14,EPIC_211569404,auto_hold_needs_review,0.58,run_period_search_or_stage_i_plot_generation_before_candidate_promotion,"Some signal evidence exists, but there is no reliable saved period support.",no_reliable_period_support; possible_signal_requires_period_search,flux_p_science_like=0.7795; triage_score_global=-0.6661; triage_step_score=0.01478; triage_whiteness_score=0.9997; best_shape_score=0.8491; best_depth_snr=39.82; n_events=32; n_periods_validated=0; best_period_days=NA; primary_depth=NA; radius_ratio_sqrt_depth=NA; secondary_to_primary_depth_ratio=NA; odd_even_depth_delta_explicit=NA; oot_variability_to_depth=NA; alias_best_support_ratio=NA; spike_fraction_2cadence=NA,0.7178692121995927,0.7178692121995927,0.7794937491416931,0.7343363165855408,0.6929801881313324,427,-0.6661140351047777,0.0147760620791724,0.9996684210628666,0.8491258290114155,39.81908078128474,32.0,0.0,0.0,,0.0,32.0,,,39.81908078128474,,,,,,,,,False,False,needs_period_search,7,0.675696,run_period_search_before_stage_i_plot_generation,no_saved_period_support; external_score_support,False,auto_only,auto_hold_needs_review,original AutoVet evidence had missing/weak saved period support,run_period_search_before_label_update,internal_autovet,0.7794937491416931,true,manual_vetted_count_36_to_100,existing_stage_i_review_queue_order_excluding_already_manual_vetted,transit_morphology_score,morphology_scorer_only,frozen_batch3_transit_morphology_policy_2026-05-15
15,EPIC_211529191,auto_hold_needs_review,0.58,run_period_search_or_stage_i_plot_generation_before_candidate_promotion,"Some signal evidence exists, but there is no reliable saved period support.",no_reliable_period_support; possible_signal_requires_period_search,flux_p_science_like=0.9225; triage_score_global=-0.665; triage_step_score=0.0138; triage_whiteness_score=0.999; best_shape_score=0.7672; best_depth_snr=24.65; n_events=21; n_periods_validated=0; best_period_days=NA; primary_depth=NA; radius_ratio_sqrt_depth=NA; secondary_to_primary_depth_ratio=NA; odd_even_depth_delta_explicit=NA; oot_variability_to_depth=NA; alias_best_support_ratio=NA; spike_fraction_2cadence=NA,0.7175680811003716,0.7175680811003716,0.9225077033042908,0.901947299639384,0.8482999503612518,427,-0.6650239861345758,0.0138032843508406,0.9990143916807456,0.7672295906687262,24.650137063087723,21.0,0.0,0.0,,0.0,21.0,,,24.650137063087723,,,,,,,,,False,False,needs_period_search,169,0.568038,run_period_search_before_stage_i_plot_generation,no_saved_period_support; external_score_support,False,auto_only,auto_hold_needs_review,"Some signal evidence exists, but there is no reliable saved period support.",run_period_search_or_stage_i_plot_generation_before_candidate_promotion,internal_autovet,0.9225077033042908,true,manual_vetted_count_36_to_100,existing_stage_i_review_queue_order_excluding_already_manual_vetted,transit_morphology_score,morphology_scorer_only,frozen_batch3_transit_morphology_policy_2026-05-15
16,EPIC_211911273,auto_hold_needs_review,0.58,run_period_search_or_stage_i_plot_generation_before_candidate_promotion,"Some signal evidence exists, but there is no reliable saved period support.",no_reliable_period_support; possible_signal_requires_period_search,flux_p_science_like=0.7801; triage_score_global=-0.6645; triage_step_score=0.02871; triage_whiteness_score=0.9987; best_shape_score=0.8526; best_depth_snr=525.1; n_events=23; n_periods_validated=0; best_period_days=NA; primary_depth=NA; radius_ratio_sqrt_depth=NA; secondary_to_primary_depth_ratio=NA; odd_even_depth_delta_explicit=NA; oot_variability_to_depth=NA; alias_best_support_ratio=NA; spike_fraction_2cadence=NA,0.7138696248348871,0.7138696248348871,0.7800821661949158,0.7009883522987366,0.6036086559295655,13,-0.6644596929454399,0.0287128366309323,0.998675815767264,0.8526176379578587,525.128918818695,23.0,0.0,0.0,,0.0,23.0,,,525.128918818695,,,,,,,,,False,False,needs_period_search,83,0.612613,run_period_search_before_stage_i_plot_generation,no_saved_period_support,False,auto_only,auto_hold_needs_review,"Some signal evidence exists, but there is no reliable saved period support.",run_period_search_or_stage_i_plot_generation_before_candidate_promotion,internal_autovet,0.7800821661949158,true,manual_vetted_count_36_to_100,existing_stage_i_review_queue_order_excluding_already_manual_vetted,transit_morphology_score,morphology_scorer_only,frozen_batch3_transit_morphology_policy_2026-05-15
17,EPIC_211915147,auto_hold_needs_review,0.58,run_period_search_or_stage_i_plot_generation_before_candidate_promotion,"Some signal evidence exists, but there is no reliable saved period support.",no_reliable_period_support; possible_signal_requires_period_search,flux_p_science_like=0.9501; triage_score_global=-0.5043; triage_step_score=0.05708; triage_whiteness_score=0.9026; best_shape_score=0.7878; best_depth_snr=13.22; n_events=34; n_periods_validated=0; best_period_days=NA; primary_depth=NA; radius_ratio_sqrt_depth=NA; secondary_to_primary_depth_ratio=NA; odd_even_depth_delta_explicit=NA; oot_variability_to_depth=NA; alias_best_support_ratio=NA; spike_fraction_2cadence=NA,0.7097258685550368,0.7097258685550368,0.9500885009765624,0.9305177927017212,0.9000193417072296,13,-0.5042744425482909,0.0570790604524846,0.9025646655289744,0.7877747294327894,13.22431018446672,34.0,0.0,0.0,,0.0,34.0,,,13.22431018446672,,,,,,,,,False,False,needs_period_search,503,0.378241,run_period_search_before_stage_i_plot_generation,no_saved_period_support,False,auto_only,auto_hold_needs_review,"Some signal evidence exists, but there is no reliable saved period support.",run_period_search_or_stage_i_plot_generation_before_candidate_promotion,internal_autovet,0.9500885009765625,true,manual_vetted_count_36_to_100,existing_stage_i_review_queue_order_excluding_already_manual_vetted,transit_morphology_score,morphology_scorer_only,frozen_batch3_transit_morphology_policy_2026-05-15
18,EPIC_211935518,auto_hold_needs_review,0.58,run_period_search_or_stage_i_plot_generation_before_candidate_promotion,"Some signal evidence exists, but there is no reliable saved period support.",no_reliable_period_support; possible_signal_requires_period_search,flux_p_science_like=0.7694; triage_score_global=-0.6646; triage_step_score=0.02523; triage_whiteness_score=0.9988; best_shape_score=0.8949; best_depth_snr=227.3; n_events=20; n_periods_validated=0; best_period_days=NA; primary_depth=NA; radius_ratio_sqrt_depth=NA; secondary_to_primary_depth_ratio=NA; odd_even_depth_delta_explicit=NA; oot_variability_to_depth=NA; alias_best_support_ratio=NA; spike_fraction_2cadence=NA,0.7088252822579701,0.7088252822579701,0.7694324254989624,0.7149295409520467,0.6512142658233643,13,-0.6646194807603423,0.0252338732115814,0.9987716884562052,0.8949266758092306,227.3101472913956,20.0,0.0,0.0,,0.0,20.0,,,227.3101472913956,,,,,,,,,False,False,needs_period_search,123,0.592859,run_period_search_before_stage_i_plot_generation,no_saved_period_support,False,auto_only,auto_hold_needs_review,"Some signal evidence exists, but there is no reliable saved period support.",run_period_search_or_stage_i_plot_generation_before_candidate_promotion,internal_autovet,0.7694324254989624,true,manual_vetted_count_36_to_100,existing_stage_i_review_queue_order_excluding_already_manual_vetted,transit_morphology_score,morphology_scorer_only,frozen_batch3_transit_morphology_policy_2026-05-15
19,EPIC_211975006,auto_hold_needs_review,0.58,run_period_search_or_stage_i_plot_generation_before_candidate_promotion,"Some signal evidence exists, but there is no reliable saved period support.",no_reliable_period_support; possible_signal_requires_period_search,flux_p_science_like=0.7611; triage_score_global=-0.6641; triage_step_score=0.03313; triage_whiteness_score=0.9985; best_shape_score=0.9221; best_depth_snr=786.3; n_events=27; n_periods_validated=0; best_period_days=NA; primary_depth=NA; radius_ratio_sqrt_depth=NA; secondary_to_primary_depth_ratio=NA; odd_even_depth_delta_explicit=NA; oot_variability_to_depth=NA; alias_best_support_ratio=NA; spike_fraction_2cadence=NA,0.7087647507700603,0.7087647507700603,0.7611322402954102,0.7322997649510702,0.7031499803066253,427,-0.6641350267566536,0.0331250300619673,0.998481016053992,0.922143956205158,786.2540025803444,27.0,0.0,0.0,,0.0,27.0,,,786.2540025803444,,,,,,,,,False,False,needs_period_search,46,0.635527,run_period_search_before_stage_i_plot_generation,no_saved_period_support,False,auto_only,auto_hold_needs_review,"Some signal evidence exists, but there is no reliable saved period support.",run_period_search_or_stage_i_plot_generation_before_candidate_promotion,internal_autovet,0.7611322402954102,true,manual_vetted_count_36_to_100,existing_stage_i_review_queue_order_excluding_already_manual_vetted,transit_morphology_score,morphology_scorer_only,frozen_batch3_transit_morphology_policy_2026-05-15
20,EPIC_211979334,auto_hold_needs_review,0.58,run_period_search_or_stage_i_plot_generation_before_candidate_promotion,"Some signal evidence exists, but there is no reliable saved period support.",no_reliable_period_support; possible_signal_requires_period_search,flux_p_science_like=0.7664; triage_score_global=-0.6661; triage_step_score=0.01763; triage_whiteness_score=0.9997; best_shape_score=0.8312; best_depth_snr=142.1; n_events=19; n_periods_validated=0; best_period_days=NA; primary_depth=NA; radius_ratio_sqrt_depth=NA; secondary_to_primary_depth_ratio=NA; odd_even_depth_delta_explicit=NA; oot_variability_to_depth=NA; alias_best_support_ratio=NA; spike_fraction_2cadence=NA,0.7087461914835611,0.7087461914835611,0.7664146423339844,0.7589468757311503,0.7203391492366791,427,-0.6661114540676396,0.0176319093412514,0.9996668724405836,0.8312214172248124,142.09708617751724,19.0,0.0,0.0,,0.0,19.0,,,142.09708617751724,,,,,,,,,False,False,needs_period_search,91,0.607516,run_period_search_before_stage_i_plot_generation,no_saved_period_support,False,auto_only,auto_hold_needs_review,"Some signal evidence exists, but there is no reliable saved period support.",run_period_search_or_stage_i_plot_generation_before_candidate_promotion,internal_autovet,0.7664146423339844,true,manual_vetted_count_36_to_100,existing_stage_i_review_queue_order_excluding_already_manual_vetted,transit_morphology_score,morphology_scorer_only,frozen_batch3_transit_morphology_policy_2026-05-15
21,EPIC_211497712,auto_hold_needs_review,0.58,run_period_search_or_stage_i_plot_generation_before_candidate_promotion,"Some signal evidence exists, but there is no reliable saved period support.",no_reliable_period_support; possible_signal_requires_period_search,flux_p_science_like=0.9771; triage_score_global=-0.6451; triage_step_score=0.09983; triage_whiteness_score=0.9871; best_shape_score=0.8042; best_depth_snr=4.39; n_events=58; n_periods_validated=0; best_period_days=NA; primary_depth=NA; radius_ratio_sqrt_depth=NA; secondary_to_primary_depth_ratio=NA; odd_even_depth_delta_explicit=NA; oot_variability_to_depth=NA; alias_best_support_ratio=NA; spike_fraction_2cadence=NA,0.7074218271382361,0.7074218271382361,0.9770597219467164,0.9738916754722596,0.95412575006485,13,-0.6450889237541434,0.0998346987155897,0.987053354252486,0.8041572747336994,4.390235695308835,58.0,0.0,0.0,,0.0,58.0,,,4.390235695308835,,,,,,,,,False,False,needs_period_search,327,0.478503,run_period_search_before_stage_i_plot_generation,no_saved_period_support; external_score_support,False,auto_only,auto_hold_needs_review,"Some signal evidence exists, but there is no reliable saved period support.",run_period_search_or_stage_i_plot_generation_before_candidate_promotion,internal_autovet,0.9770597219467163,true,manual_vetted_count_36_to_100,existing_stage_i_review_queue_order_excluding_already_manual_vetted,transit_morphology_score,morphology_scorer_only,frozen_batch3_transit_morphology_policy_2026-05-15
22,EPIC_211770390,auto_hold_needs_review,0.58,run_period_search_or_stage_i_plot_generation_before_candidate_promotion,"Some signal evidence exists, but there is no reliable saved period support.",no_reliable_period_support; possible_signal_requires_period_search,flux_p_science_like=0.9355; triage_score_global=-0.6646; triage_step_score=0.007684; triage_whiteness_score=0.9988; best_shape_score=0.7485; best_depth_snr=27.26; n_events=20; n_periods_validated=0; best_period_days=NA; primary_depth=NA; radius_ratio_sqrt_depth=NA; secondary_to_primary_depth_ratio=NA; odd_even_depth_delta_explicit=NA; oot_variability_to_depth=NA; alias_best_support_ratio=NA; spike_fraction_2cadence=NA,0.7068106667286348,0.7068106667286348,0.9355155825614928,0.917708178361257,0.8778470993041992,13,-0.6646226307447242,0.0076843148231477,0.9987735784468345,0.7485008248151639,27.259100243998947,20.0,0.0,0.0,,0.0,20.0,,,27.259100243998947,,,,,,,,,False,False,needs_period_search,341,0.464632,run_period_search_before_stage_i_plot_generation,no_saved_period_support,False,auto_only,auto_hold_needs_review,"Some signal evidence exists, but there is no reliable saved period support.",run_period_search_or_stage_i_plot_generation_before_candidate_promotion,internal_autovet,0.9355155825614929,true,manual_vetted_count_36_to_100,existing_stage_i_review_queue_order_excluding_already_manual_vetted,transit_morphology_score,morphology_scorer_only,frozen_batch3_transit_morphology_policy_2026-05-15
23,EPIC_211910237,auto_hold_needs_review,0.58,run_period_search_or_stage_i_plot_generation_before_candidate_promotion,"Some signal evidence exists, but there is no reliable saved period support.",no_reliable_period_support; possible_signal_requires_period_search,flux_p_science_like=0.7691; triage_score_global=-0.6574; triage_step_score=0.05545; triage_whiteness_score=0.9944; best_shape_score=0.8642; best_depth_snr=53.82; n_events=34; n_periods_validated=0; best_period_days=NA; primary_depth=NA; radius_ratio_sqrt_depth=NA; secondary_to_primary_depth_ratio=NA; odd_even_depth_delta_explicit=NA; oot_variability_to_depth=NA; alias_best_support_ratio=NA; spike_fraction_2cadence=NA,0.7065263882472356,0.7065263882472356,0.7690675854682922,0.6762658556302389,0.5484306216239929,13,-0.6574051574613518,0.0554478932009109,0.994443094476811,0.8642359009570393,53.82043785318163,34.0,0.0,0.0,,0.0,34.0,,,53.82043785318163,,,,,,,,,False,False,needs_period_search,184,0.560291,run_period_search_before_stage_i_plot_generation,no_saved_period_support,False,auto_only,auto_hold_needs_review,"Some signal evidence exists, but there is no reliable saved period support.",run_period_search_or_stage_i_plot_generation_before_candidate_promotion,internal_autovet,0.7690675854682922,true,manual_vetted_count_36_to_100,existing_stage_i_review_queue_order_excluding_already_manual_vetted,transit_morphology_score,morphology_scorer_only,frozen_batch3_transit_morphology_policy_2026-05-15
24,EPIC_211356395,auto_hold_needs_review,0.58,run_period_search_or_stage_i_plot_generation_before_candidate_promotion,"Some signal evidence exists, but there is no reliable saved period support.",no_reliable_period_support; possible_signal_requires_period_search,flux_p_science_like=0.9073; triage_score_global=-0.6656; triage_step_score=0.01537; triage_whiteness_score=0.9993; best_shape_score=0.8005; best_depth_snr=10.48; n_events=27; n_periods_validated=0; best_period_days=NA; primary_depth=NA; radius_ratio_sqrt_depth=NA; secondary_to_primary_depth_ratio=NA; odd_even_depth_delta_explicit=NA; oot_variability_to_depth=NA; alias_best_support_ratio=NA; spike_fraction_2cadence=NA,0.704932427770459,0.704932427770459,0.9072693586349488,0.8603942592938741,0.7488120377063752,13,-0.6655597658556702,0.0153732507873109,0.999335859513402,0.8005462237381248,10.47721338776561,27.0,0.0,0.0,,0.0,27.0,,,10.47721338776561,,,,,,,,,False,False,needs_period_search,282,0.509931,run_period_search_before_stage_i_plot_generation,no_saved_period_support; external_score_support,False,auto_only,auto_hold_needs_review,"Some signal evidence exists, but there is no reliable saved period support.",run_period_search_or_stage_i_plot_generation_before_candidate_promotion,internal_autovet,0.9072693586349487,true,manual_vetted_count_36_to_100,existing_stage_i_review_queue_order_excluding_already_manual_vetted,transit_morphology_score,morphology_scorer_only,frozen_batch3_transit_morphology_policy_2026-05-15
25,EPIC_211844348,auto_hold_needs_review,0.58,run_period_search_or_stage_i_plot_generation_before_candidate_promotion,"Some signal evidence exists, but there is no reliable saved period support.",no_reliable_period_support; possible_signal_requires_period_search,flux_p_science_like=0.8063; triage_score_global=-0.666; triage_step_score=0.01697; triage_whiteness_score=0.9996; best_shape_score=0.8035; best_depth_snr=59.02; n_events=22; n_periods_validated=0; best_period_days=NA; primary_depth=NA; radius_ratio_sqrt_depth=NA; secondary_to_primary_depth_ratio=NA; odd_even_depth_delta_explicit=NA; oot_variability_to_depth=NA; alias_best_support_ratio=NA; spike_fraction_2cadence=NA,0.7033915052580265,0.7033915052580265,0.8062503337860107,0.7611482342084249,0.6365337610244751,13,-0.6659930485376044,0.0169677830392703,0.9995958291225626,0.8034542584993157,59.02308109998477,22.0,0.0,0.0,,0.0,22.0,,,59.02308109998477,,,,,,,,,False,False,needs_period_search,188,0.55697,run_period_search_before_stage_i_plot_generation,no_saved_period_support,False,auto_only,auto_hold_needs_review,"Some signal evidence exists, but there is no reliable saved period support.",run_period_search_or_stage_i_plot_generation_before_candidate_promotion,internal_autovet,0.8062503337860107,true,manual_vetted_count_36_to_100,existing_stage_i_review_queue_order_excluding_already_manual_vetted,transit_morphology_score,morphology_scorer_only,frozen_batch3_transit_morphology_policy_2026-05-15
26,EPIC_211432321,auto_hold_needs_review,0.58,run_period_search_or_stage_i_plot_generation_before_candidate_promotion,"Some signal evidence exists, but there is no reliable saved period support.",no_reliable_period_support; possible_signal_requires_period_search,flux_p_science_like=0.7472; triage_score_global=-0.666; triage_step_score=0.01895; triage_whiteness_score=0.9996; best_shape_score=0.8438; best_depth_snr=49.42; n_events=25; n_periods_validated=0; best_period_days=NA; primary_depth=NA; radius_ratio_sqrt_depth=NA; secondary_to_primary_depth_ratio=NA; odd_even_depth_delta_explicit=NA; oot_variability_to_depth=NA; alias_best_support_ratio=NA; spike_fraction_2cadence=NA,0.7025625330328623,0.7025625330328623,0.7472430467605591,0.7113798062006632,0.6217235028743744,13,-0.6660006588924674,0.0189453492819511,0.9996003953354804,0.8438083829071373,49.4157517642225,25.0,0.0,0.0,,0.0,25.0,,,49.4157517642225,,,,,,,,,False,False,needs_period_search,75,0.615412,run_period_search_before_stage_i_plot_generation,no_saved_period_support,False,auto_only,auto_hold_needs_review,"Some signal evidence exists, but there is no reliable saved period support.",run_period_search_or_stage_i_plot_generation_before_candidate_promotion,internal_autovet,0.7472430467605591,true,manual_vetted_count_36_to_100,existing_stage_i_review_queue_order_excluding_already_manual_vetted,transit_morphology_score,morphology_scorer_only,frozen_batch3_transit_morphology_policy_2026-05-15
27,EPIC_211592766,auto_hold_needs_review,0.58,run_period_search_or_stage_i_plot_generation_before_candidate_promotion,"Some signal evidence exists, but there is no reliable saved period support.",no_reliable_period_support; possible_signal_requires_period_search,flux_p_science_like=0.7662; triage_score_global=-0.6641; triage_step_score=0.03001; triage_whiteness_score=0.9985; best_shape_score=0.8668; best_depth_snr=34.94; n_events=24; n_periods_validated=0; best_period_days=NA; primary_depth=NA; radius_ratio_sqrt_depth=NA; secondary_to_primary_depth_ratio=NA; odd_even_depth_delta_explicit=NA; oot_variability_to_depth=NA; alias_best_support_ratio=NA; spike_fraction_2cadence=NA,0.7024968892092387,0.7024968892092387,0.7661640644073486,0.6284609039624532,0.3991472095251083,13,-0.6640884905040055,0.0300052464857771,0.9984530943024033,0.8668297382235659,34.93801838030294,24.0,0.0,0.0,,0.0,24.0,,,34.93801838030294,,,,,,,,,False,False,needs_period_search,272,0.515092,run_period_search_before_stage_i_plot_generation,no_saved_period_support,False,auto_only,auto_hold_needs_review,"Some signal evidence exists, but there is no reliable saved period support.",run_period_search_or_stage_i_plot_generation_before_candidate_promotion,internal_autovet,0.7661640644073486,true,manual_vetted_count_36_to_100,existing_stage_i_review_queue_order_excluding_already_manual_vetted,transit_morphology_score,morphology_scorer_only,frozen_batch3_transit_morphology_policy_2026-05-15
28,EPIC_211371463,auto_hold_needs_review,0.58,run_period_search_or_stage_i_plot_generation_before_candidate_promotion,"Some signal evidence exists, but there is no reliable saved period support.",no_reliable_period_support; possible_signal_requires_period_search,flux_p_science_like=0.9274; triage_score_global=-0.6517; triage_step_score=0.02371; triage_whiteness_score=0.991; best_shape_score=0.7208; best_depth_snr=89.46; n_events=22; n_periods_validated=0; best_period_days=NA; primary_depth=NA; radius_ratio_sqrt_depth=NA; secondary_to_primary_depth_ratio=NA; odd_even_depth_delta_explicit=NA; oot_variability_to_depth=NA; alias_best_support_ratio=NA; spike_fraction_2cadence=NA,0.7008926721389137,0.7008926721389137,0.9274136424064636,0.9080195228258768,0.8556100785732269,13,-0.6517151945030114,0.0237121459235163,0.9910291167018068,0.7208409399388637,89.46492459553606,22.0,0.0,0.0,,0.0,22.0,,,89.46492459553606,,,,,,,,,False,False,needs_period_search,65,0.6269,run_period_search_before_stage_i_plot_generation,no_saved_period_support; external_score_support,False,auto_only,auto_hold_needs_review,"Some signal evidence exists, but there is no reliable saved period support.",run_period_search_or_stage_i_plot_generation_before_candidate_promotion,internal_autovet,0.9274136424064636,true,manual_vetted_count_36_to_100,existing_stage_i_review_queue_order_excluding_already_manual_vetted,transit_morphology_score,morphology_scorer_only,frozen_batch3_transit_morphology_policy_2026-05-15
29,EPIC_211939206,auto_hold_needs_review,0.58,run_period_search_or_stage_i_plot_generation_before_candidate_promotion,"Some signal evidence exists, but there is no reliable saved period support.",no_reliable_period_support; possible_signal_requires_period_search,flux_p_science_like=0.7357; triage_score_global=-0.6651; triage_step_score=0.02151; triage_whiteness_score=0.9991; best_shape_score=0.8696; best_depth_snr=97.81; n_events=29; n_periods_validated=0; best_period_days=NA; primary_depth=NA; radius_ratio_sqrt_depth=NA; secondary_to_primary_depth_ratio=NA; odd_even_depth_delta_explicit=NA; oot_variability_to_depth=NA; alias_best_support_ratio=NA; spike_fraction_2cadence=NA,0.6997606311531702,0.6997606311531702,0.7356958985328674,0.6891074577967325,0.5635661065578461,13,-0.6651055834925609,0.0215105411014772,0.9990633500955364,0.8696321838011905,97.80512069200432,29.0,0.0,0.0,,0.0,29.0,,,97.80512069200432,,,,,,,,,False,False,needs_period_search,49,0.634006,run_period_search_before_stage_i_plot_generation,no_saved_period_support,False,auto_only,auto_hold_needs_review,"Some signal evidence exists, but there is no reliable saved period support.",run_period_search_or_stage_i_plot_generation_before_candidate_promotion,internal_autovet,0.7356958985328674,true,manual_vetted_count_36_to_100,existing_stage_i_review_queue_order_excluding_already_manual_vetted,transit_morphology_score,morphology_scorer_only,frozen_batch3_transit_morphology_policy_2026-05-15
30,EPIC_211781094,auto_hold_needs_review,0.58,run_period_search_or_stage_i_plot_generation_before_candidate_promotion,"Some signal evidence exists, but there is no reliable saved period support.",no_reliable_period_support; possible_signal_requires_period_search,flux_p_science_like=0.9171; triage_score_global=-0.586; triage_step_score=0.06385; triage_whiteness_score=0.9516; best_shape_score=0.7867; best_depth_snr=16.71; n_events=12; n_periods_validated=0; best_period_days=NA; primary_depth=NA; radius_ratio_sqrt_depth=NA; secondary_to_primary_depth_ratio=NA; odd_even_depth_delta_explicit=NA; oot_variability_to_depth=NA; alias_best_support_ratio=NA; spike_fraction_2cadence=NA,0.6984905755984833,0.6984905755984833,0.9170820713043212,0.8839304248491923,0.6357425600290298,13,-0.5859556314529117,0.0638460297106821,0.951573378871747,0.7866611876202833,16.711806082360567,12.0,0.0,0.0,,0.0,12.0,,,16.711806082360567,,,,,,,,,False,False,needs_period_search,773,0.297234,run_period_search_before_stage_i_plot_generation,no_saved_period_support,False,auto_only,auto_hold_needs_review,"Some signal evidence exists, but there is no reliable saved period support.",run_period_search_or_stage_i_plot_generation_before_candidate_promotion,internal_autovet,0.9170820713043213,true,manual_vetted_count_36_to_100,existing_stage_i_review_queue_order_excluding_already_manual_vetted,transit_morphology_score,morphology_scorer_only,frozen_batch3_transit_morphology_policy_2026-05-15
31,EPIC_211702989,auto_hold_needs_review,0.58,run_period_search_or_stage_i_plot_generation_before_candidate_promotion,"Some signal evidence exists, but there is no reliable saved period support.",no_reliable_period_support; possible_signal_requires_period_search,flux_p_science_like=0.9451; triage_score_global=-0.6665; triage_step_score=0.008148; triage_whiteness_score=0.9999; best_shape_score=0.7133; best_depth_snr=32.53; n_events=29; n_periods_validated=0; best_period_days=NA; primary_depth=NA; radius_ratio_sqrt_depth=NA; secondary_to_primary_depth_ratio=NA; odd_even_depth_delta_explicit=NA; oot_variability_to_depth=NA; alias_best_support_ratio=NA; spike_fraction_2cadence=NA,0.6964299461498162,0.6964299461498162,0.9450697302818298,0.8882330656051636,0.6969418704509736,13,-0.6665156974555153,0.0081477770130167,0.9999094184733092,0.7133417898075152,32.53137702753472,29.0,0.0,0.0,,0.0,29.0,,,32.53137702753472,,,,,,,,,False,False,needs_period_search,240,0.534757,run_period_search_before_stage_i_plot_generation,no_saved_period_support,False,auto_only,auto_hold_needs_review,"Some signal evidence exists, but there is no reliable saved period support.",run_period_search_or_stage_i_plot_generation_before_candidate_promotion,internal_autovet,0.9450697302818298,true,manual_vetted_count_36_to_100,existing_stage_i_review_queue_order_excluding_already_manual_vetted,transit_morphology_score,morphology_scorer_only,frozen_batch3_transit_morphology_policy_2026-05-15
32,EPIC_211980250,auto_hold_needs_review,0.58,run_period_search_or_stage_i_plot_generation_before_candidate_promotion,"Some signal evidence exists, but there is no reliable saved period support.",no_reliable_period_support; possible_signal_requires_period_search,flux_p_science_like=0.7985; triage_score_global=-0.6519; triage_step_score=0.0122; triage_whiteness_score=0.9911; best_shape_score=0.7928; best_depth_snr=967.7; n_events=16; n_periods_validated=0; best_period_days=NA; primary_depth=NA; radius_ratio_sqrt_depth=NA; secondary_to_primary_depth_ratio=NA; odd_even_depth_delta_explicit=NA; oot_variability_to_depth=NA; alias_best_support_ratio=NA; spike_fraction_2cadence=NA,0.6962967526388115,0.6962967526388115,0.7985085248947144,0.7562153140703837,0.695283043384552,13,-0.6519038196224566,0.0122020103097258,0.991142291773474,0.7928053926538803,967.711192859967,16.0,0.0,0.0,,0.0,16.0,,,967.711192859967,,,,,,,,,False,False,needs_period_search,132,0.587033,run_period_search_before_stage_i_plot_generation,no_saved_period_support,False,auto_only,auto_hold_needs_review,"Some signal evidence exists, but there is no reliable saved period support.",run_period_search_or_stage_i_plot_generation_before_candidate_promotion,internal_autovet,0.7985085248947144,true,manual_vetted_count_36_to_100,existing_stage_i_review_queue_order_excluding_already_manual_vetted,transit_morphology_score,morphology_scorer_only,frozen_batch3_transit_morphology_policy_2026-05-15
33,EPIC_211512262,auto_hold_needs_review,0.58,run_period_search_or_stage_i_plot_generation_before_candidate_promotion,"Some signal evidence exists, but there is no reliable saved period support.",no_reliable_period_support; possible_signal_requires_period_search,flux_p_science_like=0.9808; triage_score_global=-0.6666; triage_step_score=0.004987; triage_whiteness_score=1; best_shape_score=0.7086; best_depth_snr=21.05; n_events=14; n_periods_validated=0; best_period_days=NA; primary_depth=NA; radius_ratio_sqrt_depth=NA; secondary_to_primary_depth_ratio=NA; odd_even_depth_delta_explicit=NA; oot_variability_to_depth=NA; alias_best_support_ratio=NA; spike_fraction_2cadence=NA,0.6960508232258793,0.6960508232258793,0.9807813763618468,0.9697994589805604,0.7819601118564605,13,-0.6666140250661814,0.0049873968168037,0.9999684150397088,0.7086320142306581,21.05106375489552,14.0,0.0,0.0,,0.0,14.0,,,21.05106375489552,,,,,,,,,False,False,needs_period_search,242,0.532761,run_period_search_before_stage_i_plot_generation,no_saved_period_support; external_score_support,False,auto_only,auto_hold_needs_review,"Some signal evidence exists, but there is no reliable saved period support.",run_period_search_or_stage_i_plot_generation_before_candidate_promotion,internal_autovet,0.9807813763618469,true,manual_vetted_count_36_to_100,existing_stage_i_review_queue_order_excluding_already_manual_vetted,transit_morphology_score,morphology_scorer_only,frozen_batch3_transit_morphology_policy_2026-05-15
34,EPIC_211945246,auto_hold_needs_review,0.58,run_period_search_or_stage_i_plot_generation_before_candidate_promotion,"Some signal evidence exists, but there is no reliable saved period support.",no_reliable_period_support; possible_signal_requires_period_search,flux_p_science_like=0.7421; triage_score_global=-0.6659; triage_step_score=0.01431; triage_whiteness_score=0.9995; best_shape_score=0.8789; best_depth_snr=37.35; n_events=19; n_periods_validated=0; best_period_days=NA; primary_depth=NA; radius_ratio_sqrt_depth=NA; secondary_to_primary_depth_ratio=NA; odd_even_depth_delta_explicit=NA; oot_variability_to_depth=NA; alias_best_support_ratio=NA; spike_fraction_2cadence=NA,0.6947440436290104,0.6947440436290104,0.7421477437019348,0.6964044769605001,0.5767017573118209,13,-0.6659151075045568,0.0143057776649761,0.999549064502734,0.8789140928483112,37.34600828280925,19.0,0.0,0.0,,0.0,19.0,,,37.34600828280925,,,,,,,,,False,False,needs_period_search,258,0.524885,run_period_search_before_stage_i_plot_generation,no_saved_period_support,False,auto_only,auto_hold_needs_review,"Some signal evidence exists, but there is no reliable saved period support.",run_period_search_or_stage_i_plot_generation_before_candidate_promotion,internal_autovet,0.7421477437019348,true,manual_vetted_count_36_to_100,existing_stage_i_review_queue_order_excluding_already_manual_vetted,transit_morphology_score,morphology_scorer_only,frozen_batch3_transit_morphology_policy_2026-05-15
35,EPIC_211542908,auto_hold_needs_review,0.58,run_period_search_or_stage_i_plot_generation_before_candidate_promotion,"Some signal evidence exists, but there is no reliable saved period support.",no_reliable_period_support; possible_signal_requires_period_search,flux_p_science_like=0.9342; triage_score_global=-0.6666; triage_step_score=0.002977; triage_whiteness_score=1; best_shape_score=0.7324; best_depth_snr=18.88; n_events=20; n_periods_validated=0; best_period_days=NA; primary_depth=NA; radius_ratio_sqrt_depth=NA; secondary_to_primary_depth_ratio=NA; odd_even_depth_delta_explicit=NA; oot_variability_to_depth=NA; alias_best_support_ratio=NA; spike_fraction_2cadence=NA,0.6943438709817704,0.6943438709817704,0.934166669845581,0.8971160650253296,0.685259473323822,13,-0.6666269476781638,0.0029766381555661,0.9999761686068982,0.7324395952550271,18.883850107542788,20.0,0.0,0.0,,0.0,20.0,,,18.883850107542788,,,,,,,,,False,False,needs_period_search,138,0.582805,run_period_search_before_stage_i_plot_generation,no_saved_period_support; external_score_support,False,auto_only,auto_hold_needs_review,"Some signal evidence exists, but there is no reliable saved period support.",run_period_search_or_stage_i_plot_generation_before_candidate_promotion,internal_autovet,0.934166669845581,true,manual_vetted_count_36_to_100,existing_stage_i_review_queue_order_excluding_already_manual_vetted,transit_morphology_score,morphology_scorer_only,frozen_batch3_transit_morphology_policy_2026-05-15
36,EPIC_211493634,auto_hold_needs_review,0.58,run_period_search_or_stage_i_plot_generation_before_candidate_promotion,"Some signal evidence exists, but there is no reliable saved period support.",no_reliable_period_support; possible_signal_requires_period_search,flux_p_science_like=0.8904; triage_score_global=-0.661; triage_step_score=0.009094; triage_whiteness_score=0.9966; best_shape_score=0.7217; best_depth_snr=786.5; n_events=18; n_periods_validated=0; best_period_days=NA; primary_depth=NA; radius_ratio_sqrt_depth=NA; secondary_to_primary_depth_ratio=NA; odd_even_depth_delta_explicit=NA; oot_variability_to_depth=NA; alias_best_support_ratio=NA; spike_fraction_2cadence=NA,0.6924597911762251,0.6924597911762251,0.8903582096099854,0.8770288030306498,0.810487687587738,13,-0.6610409933396729,0.0090943568722532,0.9966245960038036,0.7216709185767727,786.5457058179314,18.0,0.0,0.0,,0.0,18.0,,,786.5457058179314,,,,,,,,,False,False,needs_period_search,4,0.687478,run_period_search_before_stage_i_plot_generation,no_saved_period_support; external_score_support,False,auto_only,auto_hold_needs_review,"Some signal evidence exists, but there is no reliable saved period support.",run_period_search_or_stage_i_plot_generation_before_candidate_promotion,internal_autovet,0.8903582096099854,true,manual_vetted_count_36_to_100,existing_stage_i_review_queue_order_excluding_already_manual_vetted,transit_morphology_score,morphology_scorer_only,frozen_batch3_transit_morphology_policy_2026-05-15
37,EPIC_211536223,auto_hold_needs_review,0.58,run_period_search_or_stage_i_plot_generation_before_candidate_promotion,"Some signal evidence exists, but there is no reliable saved period support.",no_reliable_period_support; possible_signal_requires_period_search,flux_p_science_like=0.8046; triage_score_global=-0.6533; triage_step_score=0.02876; triage_whiteness_score=0.992; best_shape_score=0.7893; best_depth_snr=42.38; n_events=14; n_periods_validated=0; best_period_days=NA; primary_depth=NA; radius_ratio_sqrt_depth=NA; secondary_to_primary_depth_ratio=NA; odd_even_depth_delta_explicit=NA; oot_variability_to_depth=NA; alias_best_support_ratio=NA; spike_fraction_2cadence=NA,0.6917849075768736,0.6917849075768736,0.8045827746391296,0.7908036510149637,0.740885591506958,13,-0.653343571020088,0.0287578884175802,0.9920061426120528,0.7893096718664083,42.37880348751386,14.0,0.0,0.0,,0.0,14.0,,,42.37880348751386,,,,,,,,,False,False,needs_period_search,265,0.518927,run_period_search_before_stage_i_plot_generation,no_saved_period_support; external_score_support,False,auto_only,auto_hold_needs_review,"Some signal evidence exists, but there is no reliable saved period support.",run_period_search_or_stage_i_plot_generation_before_candidate_promotion,internal_autovet,0.8045827746391296,true,manual_vetted_count_36_to_100,existing_stage_i_review_queue_order_excluding_already_manual_vetted,transit_morphology_score,morphology_scorer_only,frozen_batch3_transit_morphology_policy_2026-05-15
38,EPIC_211745624,auto_hold_needs_review,0.58,run_period_search_or_stage_i_plot_generation_before_candidate_promotion,"Some signal evidence exists, but there is no reliable saved period support.",no_reliable_period_support; possible_signal_requires_period_search,flux_p_science_like=0.9603; triage_score_global=-0.6207; triage_step_score=0.1491; triage_whiteness_score=0.9724; best_shape_score=0.797; best_depth_snr=5.168; n_events=26; n_periods_validated=0; best_period_days=NA; primary_depth=NA; radius_ratio_sqrt_depth=NA; secondary_to_primary_depth_ratio=NA; odd_even_depth_delta_explicit=NA; oot_variability_to_depth=NA; alias_best_support_ratio=NA; spike_fraction_2cadence=NA,0.690538399975148,0.690538399975148,0.9602601528167723,0.9389015833536783,0.7542057573795319,13,-0.6206695445933799,0.149121032862545,0.972401726756028,0.7970047491981102,5.168118523707209,26.0,0.0,0.0,,0.0,26.0,,,5.168118523707209,,,,,,,,,False,False,needs_period_search,670,0.318938,run_period_search_before_stage_i_plot_generation,no_saved_period_support,False,auto_only,auto_hold_needs_review,"Some signal evidence exists, but there is no reliable saved period support.",run_period_search_or_stage_i_plot_generation_before_candidate_promotion,internal_autovet,0.9602601528167725,true,manual_vetted_count_36_to_100,existing_stage_i_review_queue_order_excluding_already_manual_vetted,transit_morphology_score,morphology_scorer_only,frozen_batch3_transit_morphology_policy_2026-05-15
39,EPIC_211933215,auto_hold_needs_review,0.58,run_period_search_or_stage_i_plot_generation_before_candidate_promotion,"Some signal evidence exists, but there is no reliable saved period support.",no_reliable_period_support; possible_signal_requires_period_search,flux_p_science_like=0.7313; triage_score_global=-0.666; triage_step_score=0.01486; triage_whiteness_score=0.9996; best_shape_score=0.8188; best_depth_snr=85.67; n_events=23; n_periods_validated=0; best_period_days=NA; primary_depth=NA; radius_ratio_sqrt_depth=NA; secondary_to_primary_depth_ratio=NA; odd_even_depth_delta_explicit=NA; oot_variability_to_depth=NA; alias_best_support_ratio=NA; spike_fraction_2cadence=NA,0.690151376335286,0.690151376335286,0.7312652468681335,0.6902632117271423,0.5963154196739197,13,-0.6659730198960068,0.0148636591538208,0.999583811937604,0.8187845665523987,85.6721103893121,23.0,0.0,0.0,,0.0,23.0,,,85.6721103893121,,,,,,,,,False,False,needs_period_search,79,0.614067,run_period_search_before_stage_i_plot_generation,no_saved_period_support,False,auto_only,auto_hold_needs_review,"Some signal evidence exists, but there is no reliable saved period support.",run_period_search_or_stage_i_plot_generation_before_candidate_promotion,internal_autovet,0.7312652468681335,true,manual_vetted_count_36_to_100,existing_stage_i_review_queue_order_excluding_already_manual_vetted,transit_morphology_score,morphology_scorer_only,frozen_batch3_transit_morphology_policy_2026-05-15
40,EPIC_212025784,auto_hold_needs_review,0.58,run_period_search_or_stage_i_plot_generation_before_candidate_promotion,"Some signal evidence exists, but there is no reliable saved period support.",no_reliable_period_support; possible_signal_requires_period_search,flux_p_science_like=0.7078; triage_score_global=-0.6651; triage_step_score=0.02365; triage_whiteness_score=0.9991; best_shape_score=0.8573; best_depth_snr=167.9; n_events=26; n_periods_validated=0; best_period_days=NA; primary_depth=NA; radius_ratio_sqrt_depth=NA; secondary_to_primary_depth_ratio=NA; odd_even_depth_delta_explicit=NA; oot_variability_to_depth=NA; alias_best_support_ratio=NA; spike_fraction_2cadence=NA,0.6899095082581838,0.6899095082581838,0.7077947854995728,0.6744499603907267,0.5945759415626526,13,-0.6651128068995568,0.0236474222168542,0.999067684139734,0.8572702424916658,167.92992321825875,26.0,0.0,0.0,,0.0,26.0,,,167.92992321825875,,,,,,,,,False,False,needs_period_search,53,0.63272,run_period_search_before_stage_i_plot_generation,no_saved_period_support,False,auto_only,auto_hold_needs_review,"Some signal evidence exists, but there is no reliable saved period support.",run_period_search_or_stage_i_plot_generation_before_candidate_promotion,internal_autovet,0.7077947854995728,true,manual_vetted_count_36_to_100,existing_stage_i_review_queue_order_excluding_already_manual_vetted,transit_morphology_score,morphology_scorer_only,frozen_batch3_transit_morphology_policy_2026-05-15
41,EPIC_211573482,auto_hold_needs_review,0.58,run_period_search_or_stage_i_plot_generation_before_candidate_promotion,"Some signal evidence exists, but there is no reliable saved period support.",no_reliable_period_support; possible_signal_requires_period_search,flux_p_science_like=0.8236; triage_score_global=-0.6617; triage_step_score=0.02463; triage_whiteness_score=0.997; best_shape_score=0.7542; best_depth_snr=287.9; n_events=23; n_periods_validated=0; best_period_days=NA; primary_depth=NA; radius_ratio_sqrt_depth=NA; secondary_to_primary_depth_ratio=NA; odd_even_depth_delta_explicit=NA; oot_variability_to_depth=NA; alias_best_support_ratio=NA; spike_fraction_2cadence=NA,0.6874062288586902,0.6874062288586902,0.8235576152801514,0.8072116573651632,0.7581894338130951,13,-0.6617237578748923,0.0246265255130605,0.9970342547249352,0.7541504391843954,287.9108511204542,23.0,0.0,0.0,,0.0,23.0,,,287.9108511204542,,,,,,,,,False,False,needs_period_search,11,0.670062,run_period_search_before_stage_i_plot_generation,no_saved_period_support; external_score_support,False,auto_only,auto_hold_needs_review,"Some signal evidence exists, but there is no reliable saved period support.",run_period_search_or_stage_i_plot_generation_before_candidate_promotion,internal_autovet,0.8235576152801514,true,manual_vetted_count_36_to_100,existing_stage_i_review_queue_order_excluding_already_manual_vetted,transit_morphology_score,morphology_scorer_only,frozen_batch3_transit_morphology_policy_2026-05-15
42,EPIC_211424769,auto_hold_needs_review,0.58,run_period_search_or_stage_i_plot_generation_before_candidate_promotion,"Some signal evidence exists, but there is no reliable saved period support.",no_reliable_period_support; possible_signal_requires_period_search,flux_p_science_like=0.6962; triage_score_global=-0.6641; triage_step_score=0.02843; triage_whiteness_score=0.9984; best_shape_score=0.8513; best_depth_snr=85.26; n_events=28; n_periods_validated=0; best_period_days=NA; primary_depth=NA; radius_ratio_sqrt_depth=NA; secondary_to_primary_depth_ratio=NA; odd_even_depth_delta_explicit=NA; oot_variability_to_depth=NA; alias_best_support_ratio=NA; spike_fraction_2cadence=NA,0.6861145501926422,0.6861145501926422,0.6961907148361206,0.6215127110481262,0.5251638025045395,13,-0.6640558612774905,0.0284281560033714,0.9984335167664944,0.8513433318508468,85.25739851563685,28.0,0.0,0.0,,0.0,28.0,,,85.25739851563685,,,,,,,,,False,False,needs_period_search,43,0.636717,run_period_search_before_stage_i_plot_generation,no_saved_period_support,False,auto_only,auto_hold_needs_review,"Some signal evidence exists, but there is no reliable saved period support.",run_period_search_or_stage_i_plot_generation_before_candidate_promotion,internal_autovet,0.6961907148361206,true,manual_vetted_count_36_to_100,existing_stage_i_review_queue_order_excluding_already_manual_vetted,transit_morphology_score,morphology_scorer_only,frozen_batch3_transit_morphology_policy_2026-05-15
43,EPIC_211851580,auto_hold_needs_review,0.58,run_period_search_or_stage_i_plot_generation_before_candidate_promotion,"Some signal evidence exists, but there is no reliable saved period support.",no_reliable_period_support; possible_signal_requires_period_search,flux_p_science_like=0.7179; triage_score_global=-0.6656; triage_step_score=0.02025; triage_whiteness_score=0.9993; best_shape_score=0.8182; best_depth_snr=59.82; n_events=28; n_periods_validated=0; best_period_days=NA; primary_depth=NA; radius_ratio_sqrt_depth=NA; secondary_to_primary_depth_ratio=NA; odd_even_depth_delta_explicit=NA; oot_variability_to_depth=NA; alias_best_support_ratio=NA; spike_fraction_2cadence=NA,0.6838599334966404,0.6838599334966404,0.717868447303772,0.6885480284690857,0.6375609457492828,13,-0.6655508538766658,0.0202510538797978,0.9993305123259996,0.8182311837894227,59.82091259245647,28.0,0.0,0.0,,0.0,28.0,,,59.82091259245647,,,,,,,,,False,False,needs_period_search,116,0.595009,run_period_search_before_stage_i_plot_generation,no_saved_period_support,False,auto_only,auto_hold_needs_review,"Some signal evidence exists, but there is no reliable saved period support.",run_period_search_or_stage_i_plot_generation_before_candidate_promotion,internal_autovet,0.717868447303772,true,manual_vetted_count_36_to_100,existing_stage_i_review_queue_order_excluding_already_manual_vetted,transit_morphology_score,morphology_scorer_only,frozen_batch3_transit_morphology_policy_2026-05-15
44,EPIC_212009427,auto_hold_needs_review,0.58,run_period_search_or_stage_i_plot_generation_before_candidate_promotion,"Some signal evidence exists, but there is no reliable saved period support.",no_reliable_period_support; possible_signal_requires_period_search,flux_p_science_like=0.8541; triage_score_global=-0.6565; triage_step_score=0.06132; triage_whiteness_score=0.9939; best_shape_score=0.7994; best_depth_snr=13.09; n_events=46; n_periods_validated=0; best_period_days=NA; primary_depth=NA; radius_ratio_sqrt_depth=NA; secondary_to_primary_depth_ratio=NA; odd_even_depth_delta_explicit=NA; oot_variability_to_depth=NA; alias_best_support_ratio=NA; spike_fraction_2cadence=NA,0.68367002107757,0.68367002107757,0.8540639877319336,0.8070298035939535,0.7453105866909027,427,-0.6565469424764435,0.0613186700826006,0.993928165485866,0.7993971580689944,13.092684359444288,46.0,0.0,0.0,,0.0,46.0,,,13.092684359444288,,,,,,,,,False,False,needs_period_search,480,0.390991,run_period_search_before_stage_i_plot_generation,no_saved_period_support,False,auto_only,auto_hold_needs_review,"Some signal evidence exists, but there is no reliable saved period support.",run_period_search_or_stage_i_plot_generation_before_candidate_promotion,internal_autovet,0.8540639877319336,true,manual_vetted_count_36_to_100,existing_stage_i_review_queue_order_excluding_already_manual_vetted,transit_morphology_score,morphology_scorer_only,frozen_batch3_transit_morphology_policy_2026-05-15
45,EPIC_211482556,auto_hold_needs_review,0.58,run_period_search_or_stage_i_plot_generation_before_candidate_promotion,"Some signal evidence exists, but there is no reliable saved period support.",no_reliable_period_support; possible_signal_requires_period_search,flux_p_science_like=0.7021; triage_score_global=-0.6649; triage_step_score=0.02941; triage_whiteness_score=0.9989; best_shape_score=0.8187; best_depth_snr=165.8; n_events=26; n_periods_validated=0; best_period_days=NA; primary_depth=NA; radius_ratio_sqrt_depth=NA; secondary_to_primary_depth_ratio=NA; odd_even_depth_delta_explicit=NA; oot_variability_to_depth=NA; alias_best_support_ratio=NA; spike_fraction_2cadence=NA,0.68363796252889,0.68363796252889,0.7020900845527649,0.6569175918896993,0.5667210489511489,13,-0.6649156933154848,0.0294133486426887,0.9989494159892908,0.8186871660034816,165.75950813634765,26.0,0.0,0.0,,0.0,26.0,,,165.75950813634765,,,,,,,,,False,False,needs_period_search,10,0.670412,run_period_search_before_stage_i_plot_generation,no_saved_period_support; external_score_support,False,auto_only,auto_hold_needs_review,"Some signal evidence exists, but there is no reliable saved period support.",run_period_search_or_stage_i_plot_generation_before_candidate_promotion,internal_autovet,0.7020900845527649,true,manual_vetted_count_36_to_100,existing_stage_i_review_queue_order_excluding_already_manual_vetted,transit_morphology_score,morphology_scorer_only,frozen_batch3_transit_morphology_policy_2026-05-15
46,EPIC_211944670,auto_hold_needs_review,0.58,run_period_search_or_stage_i_plot_generation_before_candidate_promotion,"Some signal evidence exists, but there is no reliable saved period support.",no_reliable_period_support; possible_signal_requires_period_search,flux_p_science_like=0.9806; triage_score_global=-0.6166; triage_step_score=0.07373; triage_whiteness_score=0.9699; best_shape_score=0.7705; best_depth_snr=5.902; n_events=21; n_periods_validated=0; best_period_days=NA; primary_depth=NA; radius_ratio_sqrt_depth=NA; secondary_to_primary_depth_ratio=NA; odd_even_depth_delta_explicit=NA; oot_variability_to_depth=NA; alias_best_support_ratio=NA; spike_fraction_2cadence=NA,0.6823384197341636,0.6823384197341636,0.9806146025657654,0.9773536721865336,0.9606301963329316,13,-0.6165571619926266,0.0737311222725526,0.969934297195576,0.7704715838681274,5.90199824602945,21.0,0.0,0.0,,0.0,21.0,,,5.90199824602945,,,,,,,,,False,False,needs_period_search,886,0.278771,run_period_search_before_stage_i_plot_generation,no_saved_period_support,False,auto_only,auto_hold_needs_review,"Some signal evidence exists, but there is no reliable saved period support.",run_period_search_or_stage_i_plot_generation_before_candidate_promotion,internal_autovet,0.9806146025657654,true,manual_vetted_count_36_to_100,existing_stage_i_review_queue_order_excluding_already_manual_vetted,transit_morphology_score,morphology_scorer_only,frozen_batch3_transit_morphology_policy_2026-05-15
47,EPIC_211581700,auto_hold_needs_review,0.58,run_period_search_or_stage_i_plot_generation_before_candidate_promotion,"Some signal evidence exists, but there is no reliable saved period support.",no_reliable_period_support; possible_signal_requires_period_search,flux_p_science_like=0.9759; triage_score_global=-0.4319; triage_step_score=0.2293; triage_whiteness_score=0.8592; best_shape_score=0.7565; best_depth_snr=6.535; n_events=59; n_periods_validated=0; best_period_days=NA; primary_depth=NA; radius_ratio_sqrt_depth=NA; secondary_to_primary_depth_ratio=NA; odd_even_depth_delta_explicit=NA; oot_variability_to_depth=NA; alias_best_support_ratio=NA; spike_fraction_2cadence=NA,0.6862826934317829,0.6814066220717074,0.9759197235107422,0.972870111465454,0.96564964056015,13,-0.4319280187509233,0.2292564281604528,0.859156811250554,0.7564827608244831,6.535198089290305,59.0,0.0,0.0,,0.0,59.0,,,6.535198089290305,,,,,,,,,False,False,needs_period_search,368,0.450142,run_period_search_before_stage_i_plot_generation,no_saved_period_support; external_score_support,False,auto_only,auto_hold_needs_review,"Some signal evidence exists, but there is no reliable saved period support.",run_period_search_or_stage_i_plot_generation_before_candidate_promotion,internal_autovet,0.9759197235107422,true,manual_vetted_count_36_to_100,existing_stage_i_review_queue_order_excluding_already_manual_vetted,transit_morphology_score,morphology_scorer_only,frozen_batch3_transit_morphology_policy_2026-05-15
48,EPIC_211953866,auto_hold_needs_review,0.58,run_period_search_or_stage_i_plot_generation_before_candidate_promotion,"Some signal evidence exists, but there is no reliable saved period support.",no_reliable_period_support; possible_signal_requires_period_search,flux_p_science_like=0.9902; triage_score_global=-0.6536; triage_step_score=0.06355; triage_whiteness_score=0.9922; best_shape_score=0.7591; best_depth_snr=6.434; n_events=23; n_periods_validated=0; best_period_days=NA; primary_depth=NA; radius_ratio_sqrt_depth=NA; secondary_to_primary_depth_ratio=NA; odd_even_depth_delta_explicit=NA; oot_variability_to_depth=NA; alias_best_support_ratio=NA; spike_fraction_2cadence=NA,0.6811889124947291,0.6811889124947291,0.9902045726776124,0.989154815673828,0.9851204872131348,13,-0.6536192318101025,0.0635527844036751,0.9921715390860616,0.759137666416638,6.433860568179533,23.0,0.0,0.0,,0.0,23.0,,,6.433860568179533,,,,,,,,,False,False,needs_period_search,868,0.28076,run_period_search_before_stage_i_plot_generation,no_saved_period_support,False,auto_only,auto_hold_needs_review,"Some signal evidence exists, but there is no reliable saved period support.",run_period_search_or_stage_i_plot_generation_before_candidate_promotion,internal_autovet,0.9902045726776123,true,manual_vetted_count_36_to_100,existing_stage_i_review_queue_order_excluding_already_manual_vetted,transit_morphology_score,morphology_scorer_only,frozen_batch3_transit_morphology_policy_2026-05-15
49,EPIC_211942823,auto_hold_needs_review,0.58,run_period_search_or_stage_i_plot_generation_before_candidate_promotion,"Some signal evidence exists, but there is no reliable saved period support.",no_reliable_period_support; possible_signal_requires_period_search,flux_p_science_like=0.6874; triage_score_global=-0.6656; triage_step_score=0.01751; triage_whiteness_score=0.9994; best_shape_score=0.8331; best_depth_snr=92.06; n_events=23; n_periods_validated=0; best_period_days=NA; primary_depth=NA; radius_ratio_sqrt_depth=NA; secondary_to_primary_depth_ratio=NA; odd_even_depth_delta_explicit=NA; oot_variability_to_depth=NA; alias_best_support_ratio=NA; spike_fraction_2cadence=NA,0.6809323352363587,0.6809323352363587,0.6873986721038818,0.6765503883361816,0.5853072166442871,13,-0.6655880213218875,0.017509505846891,0.9993528127931324,0.8330825836513038,92.06307252617174,23.0,0.0,0.0,,0.0,23.0,,,92.06307252617174,,,,,,,,,False,False,needs_period_search,96,0.605142,run_period_search_before_stage_i_plot_generation,no_saved_period_support,False,auto_only,auto_hold_needs_review,"Some signal evidence exists, but there is no reliable saved period support.",run_period_search_or_stage_i_plot_generation_before_candidate_promotion,internal_autovet,0.6873986721038818,true,manual_vetted_count_36_to_100,existing_stage_i_review_queue_order_excluding_already_manual_vetted,transit_morphology_score,morphology_scorer_only,frozen_batch3_transit_morphology_policy_2026-05-15
50,EPIC_211990908,auto_hold_needs_review,0.58,run_period_search_or_stage_i_plot_generation_before_candidate_promotion,"Some signal evidence exists, but there is no reliable saved period support.",no_reliable_period_support; possible_signal_requires_period_search,flux_p_science_like=0.7554; triage_score_global=-0.664; triage_step_score=0.03171; triage_whiteness_score=0.9984; best_shape_score=0.8962; best_depth_snr=20.82; n_events=16; n_periods_validated=0; best_period_days=NA; primary_depth=NA; radius_ratio_sqrt_depth=NA; secondary_to_primary_depth_ratio=NA; odd_even_depth_delta_explicit=NA; oot_variability_to_depth=NA; alias_best_support_ratio=NA; spike_fraction_2cadence=NA,0.6805679310846209,0.6805679310846209,0.7553717494010925,0.6505135099093119,0.5164956867694854,13,-0.6640078930842874,0.0317135183846427,0.9984047358505724,0.8962043223806129,20.82412573538871,16.0,0.0,0.0,,0.0,16.0,,,20.82412573538871,,,,,,,,,False,False,needs_period_search,465,0.396125,run_period_search_before_stage_i_plot_generation,no_saved_period_support,False,auto_only,auto_hold_needs_review,"Some signal evidence exists, but there is no reliable saved period support.",run_period_search_or_stage_i_plot_generation_before_candidate_promotion,internal_autovet,0.7553717494010925,true,manual_vetted_count_36_to_100,existing_stage_i_review_queue_order_excluding_already_manual_vetted,transit_morphology_score,morphology_scorer_only,frozen_batch3_transit_morphology_policy_2026-05-15
51,EPIC_211980366,auto_hold_needs_review,0.58,run_period_search_or_stage_i_plot_generation_before_candidate_promotion,"Some signal evidence exists, but there is no reliable saved period support.",no_reliable_period_support; possible_signal_requires_period_search,flux_p_science_like=0.933; triage_score_global=-0.6264; triage_step_score=0.1472; triage_whiteness_score=0.9758; best_shape_score=0.7981; best_depth_snr=4.645; n_events=66; n_periods_validated=0; best_period_days=NA; primary_depth=NA; radius_ratio_sqrt_depth=NA; secondary_to_primary_depth_ratio=NA; odd_even_depth_delta_explicit=NA; oot_variability_to_depth=NA; alias_best_support_ratio=NA; spike_fraction_2cadence=NA,0.6801668731495174,0.6801668731495174,0.9329875111579896,0.9140605529149374,0.854583466053009,13,-0.6263811351836274,0.147162300536587,0.9758286811101764,0.7981391706601496,4.645146976687128,66.0,0.0,0.0,,0.0,66.0,,,4.645146976687128,,,,,,,,,False,False,needs_period_search,617,0.335037,run_period_search_before_stage_i_plot_generation,no_saved_period_support,False,auto_only,auto_hold_needs_review,"Some signal evidence exists, but there is no reliable saved period support.",run_period_search_or_stage_i_plot_generation_before_candidate_promotion,internal_autovet,0.9329875111579895,true,manual_vetted_count_36_to_100,existing_stage_i_review_queue_order_excluding_already_manual_vetted,transit_morphology_score,morphology_scorer_only,frozen_batch3_transit_morphology_policy_2026-05-15
52,EPIC_211945592,auto_hold_needs_review,0.58,run_period_search_or_stage_i_plot_generation_before_candidate_promotion,"Some signal evidence exists, but there is no reliable saved period support.",no_reliable_period_support; possible_signal_requires_period_search,flux_p_science_like=0.6816; triage_score_global=-0.6645; triage_step_score=0.03712; triage_whiteness_score=0.9987; best_shape_score=0.8653; best_depth_snr=178.5; n_events=25; n_periods_validated=0; best_period_days=NA; primary_depth=NA; radius_ratio_sqrt_depth=NA; secondary_to_primary_depth_ratio=NA; odd_even_depth_delta_explicit=NA; oot_variability_to_depth=NA; alias_best_support_ratio=NA; spike_fraction_2cadence=NA,0.6791424709002176,0.6791424709002176,0.6816451549530029,0.6610283056894938,0.5556680887937546,13,-0.6644944862472204,0.0371204585762133,0.9986966917483322,0.8652584783946062,178.5280967834526,25.0,0.0,0.0,,0.0,25.0,,,178.5280967834526,,,,,,,,,False,False,needs_period_search,88,0.6085,run_period_search_before_stage_i_plot_generation,no_saved_period_support,False,auto_only,auto_hold_needs_review,"Some signal evidence exists, but there is no reliable saved period support.",run_period_search_or_stage_i_plot_generation_before_candidate_promotion,internal_autovet,0.6816451549530029,true,manual_vetted_count_36_to_100,existing_stage_i_review_queue_order_excluding_already_manual_vetted,transit_morphology_score,morphology_scorer_only,frozen_batch3_transit_morphology_policy_2026-05-15
53,EPIC_211980688,auto_hold_needs_review,0.58,run_period_search_or_stage_i_plot_generation_before_candidate_promotion,"Some signal evidence exists, but there is no reliable saved period support.",no_reliable_period_support; possible_signal_requires_period_search,flux_p_science_like=0.8109; triage_score_global=-0.6659; triage_step_score=0.01672; triage_whiteness_score=0.9995; best_shape_score=0.764; best_depth_snr=47.35; n_events=24; n_periods_validated=0; best_period_days=NA; primary_depth=NA; radius_ratio_sqrt_depth=NA; secondary_to_primary_depth_ratio=NA; odd_even_depth_delta_explicit=NA; oot_variability_to_depth=NA; alias_best_support_ratio=NA; spike_fraction_2cadence=NA,0.6790101421582988,0.6790101421582988,0.8109222054481506,0.7580698529879252,0.6860152304172515,427,-0.6659110596527742,0.0167238849405911,0.9995466357916644,0.7639699504190769,47.34559991099729,24.0,0.0,0.0,,0.0,24.0,,,47.34559991099729,,,,,,,,,False,False,needs_period_search,263,0.522081,run_period_search_before_stage_i_plot_generation,no_saved_period_support,False,auto_only,auto_hold_needs_review,"Some signal evidence exists, but there is no reliable saved period support.",run_period_search_or_stage_i_plot_generation_before_candidate_promotion,internal_autovet,0.8109222054481506,true,manual_vetted_count_36_to_100,existing_stage_i_review_queue_order_excluding_already_manual_vetted,transit_morphology_score,morphology_scorer_only,frozen_batch3_transit_morphology_policy_2026-05-15
54,EPIC_211580521,auto_hold_needs_review,0.58,run_period_search_or_stage_i_plot_generation_before_candidate_promotion,"Some signal evidence exists, but there is no reliable saved period support.",no_reliable_period_support; possible_signal_requires_period_search,flux_p_science_like=0.7536; triage_score_global=-0.6614; triage_step_score=0.02151; triage_whiteness_score=0.9968; best_shape_score=0.8529; best_depth_snr=17.13; n_events=17; n_periods_validated=0; best_period_days=NA; primary_depth=NA; radius_ratio_sqrt_depth=NA; secondary_to_primary_depth_ratio=NA; odd_even_depth_delta_explicit=NA; oot_variability_to_depth=NA; alias_best_support_ratio=NA; spike_fraction_2cadence=NA,0.6789873915343313,0.6789873915343313,0.7536145448684692,0.6185597976048788,0.4496279805898666,13,-0.661358306068831,0.0215145532634961,0.9968149836412984,0.8528784005666412,17.125840884535428,17.0,0.0,0.0,,0.0,17.0,,,17.125840884535428,,,,,,,,,False,False,needs_period_search,350,0.462748,run_period_search_before_stage_i_plot_generation,no_saved_period_support; external_score_support,False,auto_only,auto_hold_needs_review,"Some signal evidence exists, but there is no reliable saved period support.",run_period_search_or_stage_i_plot_generation_before_candidate_promotion,internal_autovet,0.7536145448684692,true,manual_vetted_count_36_to_100,existing_stage_i_review_queue_order_excluding_already_manual_vetted,transit_morphology_score,morphology_scorer_only,frozen_batch3_transit_morphology_policy_2026-05-15
55,EPIC_211977407,auto_hold_needs_review,0.58,run_period_search_or_stage_i_plot_generation_before_candidate_promotion,"Some signal evidence exists, but there is no reliable saved period support.",no_reliable_period_support; possible_signal_requires_period_search,flux_p_science_like=0.6736; triage_score_global=-0.6653; triage_step_score=0.02499; triage_whiteness_score=0.9992; best_shape_score=0.8744; best_depth_snr=174.2; n_events=28; n_periods_validated=0; best_period_days=NA; primary_depth=NA; radius_ratio_sqrt_depth=NA; secondary_to_primary_depth_ratio=NA; odd_even_depth_delta_explicit=NA; oot_variability_to_depth=NA; alias_best_support_ratio=NA; spike_fraction_2cadence=NA,0.6787384466737747,0.6787384466737747,0.6735972762107849,0.6633643507957458,0.5990609347820282,13,-0.6653277935443734,0.0249871469290352,0.999196676126624,0.874359994719428,174.21353179569007,28.0,0.0,0.0,,0.0,28.0,,,174.21353179569007,,,,,,,,,False,False,needs_period_search,28,0.644691,run_period_search_before_stage_i_plot_generation,no_saved_period_support,False,auto_only,auto_hold_needs_review,"Some signal evidence exists, but there is no reliable saved period support.",run_period_search_or_stage_i_plot_generation_before_candidate_promotion,internal_autovet,0.6735972762107849,true,manual_vetted_count_36_to_100,existing_stage_i_review_queue_order_excluding_already_manual_vetted,transit_morphology_score,morphology_scorer_only,frozen_batch3_transit_morphology_policy_2026-05-15
56,EPIC_211800810,auto_hold_needs_review,0.58,run_period_search_or_stage_i_plot_generation_before_candidate_promotion,"Some signal evidence exists, but there is no reliable saved period support.",no_reliable_period_support; possible_signal_requires_period_search,flux_p_science_like=0.6819; triage_score_global=-0.6656; triage_step_score=0.01956; triage_whiteness_score=0.9994; best_shape_score=0.8812; best_depth_snr=88.35; n_events=21; n_periods_validated=0; best_period_days=NA; primary_depth=NA; radius_ratio_sqrt_depth=NA; secondary_to_primary_depth_ratio=NA; odd_even_depth_delta_explicit=NA; oot_variability_to_depth=NA; alias_best_support_ratio=NA; spike_fraction_2cadence=NA,0.6773911346354167,0.6773911346354167,0.681884765625,0.6474595069885254,0.5935552954673767,13,-0.6656186342494568,0.0195638933022114,0.999371180549674,0.8811783571459413,88.35126054047569,21.0,0.0,0.0,,0.0,21.0,,,88.35126054047569,,,,,,,,,False,False,needs_period_search,140,0.580972,run_period_search_before_stage_i_plot_generation,no_saved_period_support,False,auto_only,auto_hold_needs_review,"Some signal evidence exists, but there is no reliable saved period support.",run_period_search_or_stage_i_plot_generation_before_candidate_promotion,internal_autovet,0.681884765625,true,manual_vetted_count_36_to_100,existing_stage_i_review_queue_order_excluding_already_manual_vetted,transit_morphology_score,morphology_scorer_only,frozen_batch3_transit_morphology_policy_2026-05-15
57,EPIC_212007527,auto_hold_needs_review,0.58,run_period_search_or_stage_i_plot_generation_before_candidate_promotion,"Some signal evidence exists, but there is no reliable saved period support.",no_reliable_period_support; possible_signal_requires_period_search,flux_p_science_like=0.6703; triage_score_global=-0.6661; triage_step_score=0.01382; triage_whiteness_score=0.9997; best_shape_score=0.8446; best_depth_snr=52.41; n_events=66; n_periods_validated=0; best_period_days=NA; primary_depth=NA; radius_ratio_sqrt_depth=NA; secondary_to_primary_depth_ratio=NA; odd_even_depth_delta_explicit=NA; oot_variability_to_depth=NA; alias_best_support_ratio=NA; spike_fraction_2cadence=NA,0.6773126459526061,0.6773126459526061,0.6702864170074463,0.6459360122680664,0.5673921048641205,13,-0.666084723955183,0.0138211973194235,0.9996508343731098,0.8446034255727066,52.41065123429144,66.0,0.0,0.0,,0.0,66.0,,,52.41065123429144,,,,,,,,,False,False,needs_period_search,35,0.640686,run_period_search_before_stage_i_plot_generation,no_saved_period_support,False,auto_only,auto_hold_needs_review,"Some signal evidence exists, but there is no reliable saved period support.",run_period_search_or_stage_i_plot_generation_before_candidate_promotion,internal_autovet,0.6702864170074463,true,manual_vetted_count_36_to_100,existing_stage_i_review_queue_order_excluding_already_manual_vetted,transit_morphology_score,morphology_scorer_only,frozen_batch3_transit_morphology_policy_2026-05-15
58,EPIC_211902535,auto_hold_needs_review,0.58,run_period_search_or_stage_i_plot_generation_before_candidate_promotion,"Some signal evidence exists, but there is no reliable saved period support.",no_reliable_period_support; possible_signal_requires_period_search,flux_p_science_like=0.8886; triage_score_global=-0.6518; triage_step_score=0.02552; triage_whiteness_score=0.9911; best_shape_score=0.7218; best_depth_snr=53.51; n_events=25; n_periods_validated=0; best_period_days=NA; primary_depth=NA; radius_ratio_sqrt_depth=NA; secondary_to_primary_depth_ratio=NA; odd_even_depth_delta_explicit=NA; oot_variability_to_depth=NA; alias_best_support_ratio=NA; spike_fraction_2cadence=NA,0.6770444370103601,0.6770444370103601,0.8885582685470581,0.8696212967236837,0.8118393242359161,13,-0.6517510495757728,0.0255187881169687,0.9910506297454637,0.7217958494759275,53.51234780049332,25.0,0.0,0.0,,0.0,25.0,,,53.51234780049332,,,,,,,,,False,False,needs_period_search,342,0.464573,run_period_search_before_stage_i_plot_generation,no_saved_period_support,False,auto_only,auto_hold_needs_review,"Some signal evidence exists, but there is no reliable saved period support.",run_period_search_or_stage_i_plot_generation_before_candidate_promotion,internal_autovet,0.8885582685470581,true,manual_vetted_count_36_to_100,existing_stage_i_review_queue_order_excluding_already_manual_vetted,transit_morphology_score,morphology_scorer_only,frozen_batch3_transit_morphology_policy_2026-05-15
59,EPIC_211357782,auto_hold_needs_review,0.58,run_period_search_or_stage_i_plot_generation_before_candidate_promotion,"Some signal evidence exists, but there is no reliable saved period support.",no_reliable_period_support; possible_signal_requires_period_search,flux_p_science_like=0.6889; triage_score_global=-0.6661; triage_step_score=0.01793; triage_whiteness_score=0.9997; best_shape_score=0.8354; best_depth_snr=33.35; n_events=18; n_periods_validated=0; best_period_days=NA; primary_depth=NA; radius_ratio_sqrt_depth=NA; secondary_to_primary_depth_ratio=NA; odd_even_depth_delta_explicit=NA; oot_variability_to_depth=NA; alias_best_support_ratio=NA; spike_fraction_2cadence=NA,0.6767832627504984,0.6767832627504984,0.6888611316680908,0.6379477381706238,0.581024968624115,13,-0.6661421464437971,0.0179328105779208,0.9996852878662782,0.8354168127366367,33.3519455234077,18.0,0.0,0.0,,0.0,18.0,,,33.3519455234077,,,,,,,,,False,False,needs_period_search,239,0.535228,run_period_search_before_stage_i_plot_generation,no_saved_period_support,False,auto_only,auto_hold_needs_review,"Some signal evidence exists, but there is no reliable saved period support.",run_period_search_or_stage_i_plot_generation_before_candidate_promotion,internal_autovet,0.6888611316680908,true,manual_vetted_count_36_to_100,existing_stage_i_review_queue_order_excluding_already_manual_vetted,transit_morphology_score,morphology_scorer_only,frozen_batch3_transit_morphology_policy_2026-05-15
60,EPIC_211619120,auto_hold_needs_review,0.58,run_period_search_or_stage_i_plot_generation_before_candidate_promotion,"Some signal evidence exists, but there is no reliable saved period support.",no_reliable_period_support; possible_signal_requires_period_search,flux_p_science_like=0.7246; triage_score_global=-0.6638; triage_step_score=0.007519; triage_whiteness_score=0.9983; best_shape_score=0.802; best_depth_snr=79.62; n_events=13; n_periods_validated=0; best_period_days=NA; primary_depth=NA; radius_ratio_sqrt_depth=NA; secondary_to_primary_depth_ratio=NA; odd_even_depth_delta_explicit=NA; oot_variability_to_depth=NA; alias_best_support_ratio=NA; spike_fraction_2cadence=NA,0.6766434903989882,0.6766434903989882,0.724604606628418,0.6765775283177694,0.6136548280715942,13,-0.6637759192376385,0.007519259685711,0.998265551542583,0.8020279079095145,79.62172546531143,13.0,0.0,0.0,,0.0,13.0,,,79.62172546531143,,,,,,,,,False,False,needs_period_search,111,0.597227,run_period_search_before_stage_i_plot_generation,no_saved_period_support; external_score_support,False,auto_only,auto_hold_needs_review,"Some signal evidence exists, but there is no reliable saved period support.",run_period_search_or_stage_i_plot_generation_before_candidate_promotion,internal_autovet,0.724604606628418,true,manual_vetted_count_36_to_100,existing_stage_i_review_queue_order_excluding_already_manual_vetted,transit_morphology_score,morphology_scorer_only,frozen_batch3_transit_morphology_policy_2026-05-15
61,EPIC_211683904,auto_hold_needs_review,0.58,run_period_search_or_stage_i_plot_generation_before_candidate_promotion,"Some signal evidence exists, but there is no reliable saved period support.",no_reliable_period_support; possible_signal_requires_period_search,flux_p_science_like=0.6841; triage_score_global=-0.6653; triage_step_score=0.02347; triage_whiteness_score=0.9992; best_shape_score=0.8236; best_depth_snr=84.66; n_events=25; n_periods_validated=0; best_period_days=NA; primary_depth=NA; radius_ratio_sqrt_depth=NA; secondary_to_primary_depth_ratio=NA; odd_even_depth_delta_explicit=NA; oot_variability_to_depth=NA; alias_best_support_ratio=NA; spike_fraction_2cadence=NA,0.675143946483775,0.675143946483775,0.6841166615486145,0.664387027422587,0.5887711971998215,13,-0.6653211999637136,0.0234651306893853,0.999192719978228,0.8236029693473778,84.66082289164677,25.0,0.0,0.0,,0.0,25.0,,,84.66082289164677,,,,,,,,,False,False,needs_period_search,122,0.59312,run_period_search_before_stage_i_plot_generation,no_saved_period_support,False,auto_only,auto_hold_needs_review,"Some signal evidence exists, but there is no reliable saved period support.",run_period_search_or_stage_i_plot_generation_before_candidate_promotion,internal_autovet,0.6841166615486145,true,manual_vetted_count_36_to_100,existing_stage_i_review_queue_order_excluding_already_manual_vetted,transit_morphology_score,morphology_scorer_only,frozen_batch3_transit_morphology_policy_2026-05-15
62,EPIC_211418290,auto_hold_needs_review,0.58,run_period_search_or_stage_i_plot_generation_before_candidate_promotion,"Some signal evidence exists, but there is no reliable saved period support.",no_reliable_period_support; possible_signal_requires_period_search,flux_p_science_like=0.6718; triage_score_global=-0.6639; triage_step_score=0.02128; triage_whiteness_score=0.9983; best_shape_score=0.841; best_depth_snr=72.65; n_events=22; n_periods_validated=0; best_period_days=NA; primary_depth=NA; radius_ratio_sqrt_depth=NA; secondary_to_primary_depth_ratio=NA; odd_even_depth_delta_explicit=NA; oot_variability_to_depth=NA; alias_best_support_ratio=NA; spike_fraction_2cadence=NA,0.674752073608462,0.674752073608462,0.6718457341194153,0.63735431432724,0.5950294077396393,13,-0.6638588820357532,0.0212803380640311,0.9983153292214518,0.8409676888220408,72.65122952006693,22.0,0.0,0.0,,0.0,22.0,,,72.65122952006693,,,,,,,,,False,False,needs_period_search,119,0.594091,run_period_search_before_stage_i_plot_generation,no_saved_period_support,False,auto_only,auto_hold_needs_review,"Some signal evidence exists, but there is no reliable saved period support.",run_period_search_or_stage_i_plot_generation_before_candidate_promotion,internal_autovet,0.6718457341194153,true,manual_vetted_count_36_to_100,existing_stage_i_review_queue_order_excluding_already_manual_vetted,transit_morphology_score,morphology_scorer_only,frozen_batch3_transit_morphology_policy_2026-05-15
63,EPIC_211959522,auto_hold_needs_review,0.58,run_period_search_or_stage_i_plot_generation_before_candidate_promotion,"Some signal evidence exists, but there is no reliable saved period support.",no_reliable_period_support; possible_signal_requires_period_search,flux_p_science_like=0.6676; triage_score_global=-0.6659; triage_step_score=0.01963; triage_whiteness_score=0.9996; best_shape_score=0.8364; best_depth_snr=99.21; n_events=23; n_periods_validated=0; best_period_days=NA; primary_depth=NA; radius_ratio_sqrt_depth=NA; secondary_to_primary_depth_ratio=NA; odd_even_depth_delta_explicit=NA; oot_variability_to_depth=NA; alias_best_support_ratio=NA; spike_fraction_2cadence=NA,0.674125012959353,0.674125012959353,0.6675747036933899,0.6391749382019043,0.602253520488739,13,-0.6659244703299213,0.0196325537454764,0.9995546821979528,0.8364265867504648,99.20677884722946,23.0,0.0,0.0,,0.0,23.0,,,99.20677884722946,,,,,,,,,False,False,needs_period_search,92,0.607108,run_period_search_before_stage_i_plot_generation,no_saved_period_support,False,auto_only,auto_hold_needs_review,"Some signal evidence exists, but there is no reliable saved period support.",run_period_search_or_stage_i_plot_generation_before_candidate_promotion,internal_autovet,0.6675747036933899,true,manual_vetted_count_36_to_100,existing_stage_i_review_queue_order_excluding_already_manual_vetted,transit_morphology_score,morphology_scorer_only,frozen_batch3_transit_morphology_policy_2026-05-15
64,EPIC_211949114,auto_hold_needs_review,0.58,run_period_search_or_stage_i_plot_generation_before_candidate_promotion,"Some signal evidence exists, but there is no reliable saved period support.",no_reliable_period_support; possible_signal_requires_period_search,flux_p_science_like=0.6617; triage_score_global=-0.6654; triage_step_score=0.02285; triage_whiteness_score=0.9992; best_shape_score=0.857; best_depth_snr=142.7; n_events=25; n_periods_validated=0; best_period_days=NA; primary_depth=NA; radius_ratio_sqrt_depth=NA; secondary_to_primary_depth_ratio=NA; odd_even_depth_delta_explicit=NA; oot_variability_to_depth=NA; alias_best_support_ratio=NA; spike_fraction_2cadence=NA,0.6732842907035828,0.6732842907035828,0.661672830581665,0.6500464876492819,0.580046409368515,13,-0.6653731957176845,0.0228531058017713,0.9992239174306108,0.8569619273694459,142.6838556022833,25.0,0.0,0.0,,0.0,25.0,,,142.6838556022833,,,,,,,,,False,False,needs_period_search,66,0.625482,run_period_search_before_stage_i_plot_generation,no_saved_period_support,False,auto_only,auto_hold_needs_review,"Some signal evidence exists, but there is no reliable saved period support.",run_period_search_or_stage_i_plot_generation_before_candidate_promotion,internal_autovet,0.661672830581665,true,manual_vetted_count_36_to_100,existing_stage_i_review_queue_order_excluding_already_manual_vetted,transit_morphology_score,morphology_scorer_only,frozen_batch3_transit_morphology_policy_2026-05-15
