epic_id,catalogue_row_id,object_id,candidate_suffix,k2_name,default_solution,raw_disposition,raw_disposition_reference,evidence_kind,normalized_label_proposal,raw_campaigns,campaigns_json,period_days,period_source,period_provenance,period_trusted,physical_loss_eligible_proposal,eligibility_exclusion_reason,cross_class_conflict,source_version,source_retrieved_at_utc,source_sha256,source_record_locator,source_citation
EPIC_205703094,19440a4d2ec219560b875ce32fd008802fdc8ec79b6fbe03c99ef65d64183752,EPIC 205703094.01,.01,,True,CANDIDATE,Crossfield et al. 2016,archive_candidate,candidate_like,2,"[""2""]",8.1191,k2pandc.pl_orbper,nea_k2pandc:retrieved_2026-08-05:raw/k2pandc.csv#data_row=891;csv_line=892:pl_orbper,False,False,cross_class_conflict,True,retrieved_2026-08-05,2026-08-05T17:08:18.2375669Z,609b8c3eedbc02d8e43783be183ecea62e2074042c872ab10cbdd406d7b2676d,raw/k2pandc.csv#data_row=891;csv_line=892,NASA Exoplanet Archive k2pandc; DOI 10.26133/NEA19
EPIC_205703094,934ac2453bfae6756d82c7a02ca85b79ae84faf5151ff2806a880dafede19c60,EPIC 205703094.02,.02,,True,CANDIDATE,Crossfield et al. 2016,archive_candidate,candidate_like,2,"[""2""]",16.235,k2pandc.pl_orbper,nea_k2pandc:retrieved_2026-08-05:raw/k2pandc.csv#data_row=892;csv_line=893:pl_orbper,False,False,cross_class_conflict,True,retrieved_2026-08-05,2026-08-05T17:08:18.2375669Z,609b8c3eedbc02d8e43783be183ecea62e2074042c872ab10cbdd406d7b2676d,raw/k2pandc.csv#data_row=892;csv_line=893,NASA Exoplanet Archive k2pandc; DOI 10.26133/NEA19
EPIC_205703094,9c7e4e2033c7e55a4e2ac5bee2180684721aec465761d5099cba4744ee49a196,EPIC 205703094.03,.03,,True,FALSE POSITIVE,Crossfield et al. 2016,archive_false_positive,false_positive_eb_or_variable,2,"[""2""]",24.9922,k2pandc.pl_orbper,nea_k2pandc:retrieved_2026-08-05:raw/k2pandc.csv#data_row=893;csv_line=894:pl_orbper,False,False,cross_class_conflict,True,retrieved_2026-08-05,2026-08-05T17:08:18.2375669Z,609b8c3eedbc02d8e43783be183ecea62e2074042c872ab10cbdd406d7b2676d,raw/k2pandc.csv#data_row=893;csv_line=894,NASA Exoplanet Archive k2pandc; DOI 10.26133/NEA19
EPIC_211424769,dd15d5200b9e3844cc8bda35703a1c3aa3aa4f381a35d966c407f7d3f46aede1,EPIC 211424769.01,.01,,True,CANDIDATE,Mayo et al. 2018,archive_candidate,candidate_like,"5, 18","[""5"",""18""]",5.176243,k2pandc.pl_orbper,nea_k2pandc:retrieved_2026-08-05:raw/k2pandc.csv#data_row=1796;csv_line=1797:pl_orbper,False,True,,False,retrieved_2026-08-05,2026-08-05T17:08:18.2375669Z,609b8c3eedbc02d8e43783be183ecea62e2074042c872ab10cbdd406d7b2676d,raw/k2pandc.csv#data_row=1796;csv_line=1797,NASA Exoplanet Archive k2pandc; DOI 10.26133/NEA19
EPIC_211424769,4879a5046a865df267cfe6252b541008e993e0d81b5c65e656d5d09fcde9ff95,EPIC 211424769.01,.01,,False,CANDIDATE,Mayo et al. 2018,archive_candidate,candidate_like,"5, 18","[""5"",""18""]",5.176,k2pandc.pl_orbper,nea_k2pandc:retrieved_2026-08-05:raw/k2pandc.csv#data_row=1797;csv_line=1798:pl_orbper,False,False,non_default_solution,False,retrieved_2026-08-05,2026-08-05T17:08:18.2375669Z,609b8c3eedbc02d8e43783be183ecea62e2074042c872ab10cbdd406d7b2676d,raw/k2pandc.csv#data_row=1797;csv_line=1798,NASA Exoplanet Archive k2pandc; DOI 10.26133/NEA19
EPIC_211428897,be98a84e9c8d10cabebe72658a85e8875031b2b9f9b9e9bb25a290cdb0aba67d,EPIC 211428897.01,.01,,True,CANDIDATE,Kruse et al. 2019,archive_candidate,candidate_like,"5, 18","[""5"",""18""]",1.610888,k2pandc.pl_orbper,nea_k2pandc:retrieved_2026-08-05:raw/k2pandc.csv#data_row=1799;csv_line=1800:pl_orbper,False,True,,False,retrieved_2026-08-05,2026-08-05T17:08:18.2375669Z,609b8c3eedbc02d8e43783be183ecea62e2074042c872ab10cbdd406d7b2676d,raw/k2pandc.csv#data_row=1799;csv_line=1800,NASA Exoplanet Archive k2pandc; DOI 10.26133/NEA19
EPIC_211428897,2cb73013cccf070bfd108561409990fb6592b0df90b23a0dae5f34c96a19fdc7,EPIC 211428897.01,.01,,False,CANDIDATE,Kruse et al. 2019,archive_candidate,candidate_like,"5, 18","[""5"",""18""]",1.61092,k2pandc.pl_orbper,nea_k2pandc:retrieved_2026-08-05:raw/k2pandc.csv#data_row=1801;csv_line=1802:pl_orbper,False,False,non_default_solution,False,retrieved_2026-08-05,2026-08-05T17:08:18.2375669Z,609b8c3eedbc02d8e43783be183ecea62e2074042c872ab10cbdd406d7b2676d,raw/k2pandc.csv#data_row=1801;csv_line=1802,NASA Exoplanet Archive k2pandc; DOI 10.26133/NEA19
EPIC_211428897,b0cc978d417781f7a7b973363c9814af971a3451e6e1952b04d3afb4c1959f12,EPIC 211428897.01,.01,,False,CANDIDATE,Kruse et al. 2019,archive_candidate,candidate_like,"5, 18","[""5"",""18""]",1.610911,k2pandc.pl_orbper,nea_k2pandc:retrieved_2026-08-05:raw/k2pandc.csv#data_row=1800;csv_line=1801:pl_orbper,False,False,non_default_solution,False,retrieved_2026-08-05,2026-08-05T17:08:18.2375669Z,609b8c3eedbc02d8e43783be183ecea62e2074042c872ab10cbdd406d7b2676d,raw/k2pandc.csv#data_row=1800;csv_line=1801,NASA Exoplanet Archive k2pandc; DOI 10.26133/NEA19
EPIC_211428897,d486ee7b28e61abd6ff2ef1937581e39906b4297574d709b186c0b76d805e269,EPIC 211428897.01,.01,,False,CANDIDATE,Kruse et al. 2019,archive_candidate,candidate_like,"5, 18","[""5"",""18""]",1.611,k2pandc.pl_orbper,nea_k2pandc:retrieved_2026-08-05:raw/k2pandc.csv#data_row=1802;csv_line=1803:pl_orbper,False,False,non_default_solution,False,retrieved_2026-08-05,2026-08-05T17:08:18.2375669Z,609b8c3eedbc02d8e43783be183ecea62e2074042c872ab10cbdd406d7b2676d,raw/k2pandc.csv#data_row=1802;csv_line=1803,NASA Exoplanet Archive k2pandc; DOI 10.26133/NEA19
EPIC_211428897,96fabbc6ddcd39004c243e05ae26933e9a7727a6fd6bf18aa35ecf17bbb44bff,EPIC 211428897.02,.02,,True,CANDIDATE,Kruse et al. 2019,archive_candidate,candidate_like,"5, 18","[""5"",""18""]",2.178008,k2pandc.pl_orbper,nea_k2pandc:retrieved_2026-08-05:raw/k2pandc.csv#data_row=1803;csv_line=1804:pl_orbper,False,True,,False,retrieved_2026-08-05,2026-08-05T17:08:18.2375669Z,609b8c3eedbc02d8e43783be183ecea62e2074042c872ab10cbdd406d7b2676d,raw/k2pandc.csv#data_row=1803;csv_line=1804,NASA Exoplanet Archive k2pandc; DOI 10.26133/NEA19
EPIC_211428897,0c2f85ebc0cfbb55d404a07a1745ad6c7c41f2aa92c3e0bb17b4ebf69144d6a9,EPIC 211428897.02,.02,,False,CANDIDATE,Kruse et al. 2019,archive_candidate,candidate_like,"5, 18","[""5"",""18""]",2.177846,k2pandc.pl_orbper,nea_k2pandc:retrieved_2026-08-05:raw/k2pandc.csv#data_row=1805;csv_line=1806:pl_orbper,False,False,non_default_solution,False,retrieved_2026-08-05,2026-08-05T17:08:18.2375669Z,609b8c3eedbc02d8e43783be183ecea62e2074042c872ab10cbdd406d7b2676d,raw/k2pandc.csv#data_row=1805;csv_line=1806,NASA Exoplanet Archive k2pandc; DOI 10.26133/NEA19
EPIC_211428897,e8be565bca9c89b3ca5222c98a7bfcdbff08cf15b0425c6a9cb381c6ded94430,EPIC 211428897.02,.02,,False,CANDIDATE,Kruse et al. 2019,archive_candidate,candidate_like,"5, 18","[""5"",""18""]",2.17807,k2pandc.pl_orbper,nea_k2pandc:retrieved_2026-08-05:raw/k2pandc.csv#data_row=1804;csv_line=1805:pl_orbper,False,False,non_default_solution,False,retrieved_2026-08-05,2026-08-05T17:08:18.2375669Z,609b8c3eedbc02d8e43783be183ecea62e2074042c872ab10cbdd406d7b2676d,raw/k2pandc.csv#data_row=1804;csv_line=1805,NASA Exoplanet Archive k2pandc; DOI 10.26133/NEA19
EPIC_211428897,a9df65dcc0675a057bf183b76571e19d1affbb3c5811407b39a778a6d903c7e6,EPIC 211428897.03,.03,,True,CANDIDATE,Kruse et al. 2019,archive_candidate,candidate_like,"5, 18","[""5"",""18""]",4.96792,k2pandc.pl_orbper,nea_k2pandc:retrieved_2026-08-05:raw/k2pandc.csv#data_row=1806;csv_line=1807:pl_orbper,False,True,,False,retrieved_2026-08-05,2026-08-05T17:08:18.2375669Z,609b8c3eedbc02d8e43783be183ecea62e2074042c872ab10cbdd406d7b2676d,raw/k2pandc.csv#data_row=1806;csv_line=1807,NASA Exoplanet Archive k2pandc; DOI 10.26133/NEA19
EPIC_211428897,a5ce65ab31fce1bc914c09262abe0a7c01a90db93d1ddce5ec78f1b11dc247d3,EPIC 211428897.03,.03,,False,CANDIDATE,Kruse et al. 2019,archive_candidate,candidate_like,"5, 18","[""5"",""18""]",4.96883,k2pandc.pl_orbper,nea_k2pandc:retrieved_2026-08-05:raw/k2pandc.csv#data_row=1807;csv_line=1808:pl_orbper,False,False,non_default_solution,False,retrieved_2026-08-05,2026-08-05T17:08:18.2375669Z,609b8c3eedbc02d8e43783be183ecea62e2074042c872ab10cbdd406d7b2676d,raw/k2pandc.csv#data_row=1807;csv_line=1808,NASA Exoplanet Archive k2pandc; DOI 10.26133/NEA19
EPIC_211428897,210e6f8560fb762030b905e06720b255f203f25690f8e3491d6f97cc9da2cb01,EPIC 211428897.04,.04,,True,CANDIDATE,Kruse et al. 2019,archive_candidate,candidate_like,"5, 18","[""5"",""18""]",6.26561,k2pandc.pl_orbper,nea_k2pandc:retrieved_2026-08-05:raw/k2pandc.csv#data_row=1808;csv_line=1809:pl_orbper,False,True,,False,retrieved_2026-08-05,2026-08-05T17:08:18.2375669Z,609b8c3eedbc02d8e43783be183ecea62e2074042c872ab10cbdd406d7b2676d,raw/k2pandc.csv#data_row=1808;csv_line=1809,NASA Exoplanet Archive k2pandc; DOI 10.26133/NEA19
EPIC_211428897,3ecb2a327c6388cfb00776f48d68e85e9a48e7270d5b99047e5a3047b0d5707e,EPIC 211428897.05,.05,,True,CANDIDATE,Kruse et al. 2019,archive_candidate,candidate_like,"5, 18","[""5"",""18""]",3.28963,k2pandc.pl_orbper,nea_k2pandc:retrieved_2026-08-05:raw/k2pandc.csv#data_row=1809;csv_line=1810:pl_orbper,False,True,,False,retrieved_2026-08-05,2026-08-05T17:08:18.2375669Z,609b8c3eedbc02d8e43783be183ecea62e2074042c872ab10cbdd406d7b2676d,raw/k2pandc.csv#data_row=1809;csv_line=1810,NASA Exoplanet Archive k2pandc; DOI 10.26133/NEA19
EPIC_211432167,db22c48c82855c693225d590e1f72330b20ecf8bda69712364ac85449c65e578,EPIC 211432167.01,.01,,True,FALSE POSITIVE,Yu et al. 2018,archive_false_positive,false_positive_eb_or_variable,"5, 16, 18","[""5"",""16"",""18""]",5.817737,k2pandc.pl_orbper,nea_k2pandc:retrieved_2026-08-05:raw/k2pandc.csv#data_row=1814;csv_line=1815:pl_orbper,False,True,,False,retrieved_2026-08-05,2026-08-05T17:08:18.2375669Z,609b8c3eedbc02d8e43783be183ecea62e2074042c872ab10cbdd406d7b2676d,raw/k2pandc.csv#data_row=1814;csv_line=1815,NASA Exoplanet Archive k2pandc; DOI 10.26133/NEA19
EPIC_211432946,af501a41ce5a86651ef5f5f57c3d88337a13f1b7a94b072e52e9e3df6085a361,EPIC 211432946.01,.01,,True,FALSE POSITIVE,Yu et al. 2018,archive_false_positive,false_positive_eb_or_variable,"5, 16, 18","[""5"",""16"",""18""]",1.671965,k2pandc.pl_orbper,nea_k2pandc:retrieved_2026-08-05:raw/k2pandc.csv#data_row=1817;csv_line=1818:pl_orbper,False,True,,False,retrieved_2026-08-05,2026-08-05T17:08:18.2375669Z,609b8c3eedbc02d8e43783be183ecea62e2074042c872ab10cbdd406d7b2676d,raw/k2pandc.csv#data_row=1817;csv_line=1818,NASA Exoplanet Archive k2pandc; DOI 10.26133/NEA19
EPIC_211705654,061c532c4def4c6a84ab1d7d2b3c9de7f6afa1d234147b53ed9d3f0ffe2d7c04,EPIC 211705654.01,.01,,True,FALSE POSITIVE,Rizzuto et al. 2017,archive_false_positive,false_positive_eb_or_variable,"5, 16, 18","[""5"",""16"",""18""]",2.5331,k2pandc.pl_orbper,nea_k2pandc:retrieved_2026-08-05:raw/k2pandc.csv#data_row=2018;csv_line=2019:pl_orbper,False,True,,False,retrieved_2026-08-05,2026-08-05T17:08:18.2375669Z,609b8c3eedbc02d8e43783be183ecea62e2074042c872ab10cbdd406d7b2676d,raw/k2pandc.csv#data_row=2018;csv_line=2019,NASA Exoplanet Archive k2pandc; DOI 10.26133/NEA19
EPIC_211719484,40acfdea529632bdf1ca33a594581f202719a8b0e7ec215a172d2e06c781c09f,EPIC 211719484.01,.01,,True,CANDIDATE,Barros et al. 2016,archive_candidate,candidate_like,"5, 18","[""5"",""18""]",0.36091387,k2pandc.pl_orbper,nea_k2pandc:retrieved_2026-08-05:raw/k2pandc.csv#data_row=2029;csv_line=2030:pl_orbper,False,True,,False,retrieved_2026-08-05,2026-08-05T17:08:18.2375669Z,609b8c3eedbc02d8e43783be183ecea62e2074042c872ab10cbdd406d7b2676d,raw/k2pandc.csv#data_row=2029;csv_line=2030,NASA Exoplanet Archive k2pandc; DOI 10.26133/NEA19
EPIC_211812160,48b8ed1830b6880ae4c969e8733630caf27a980bdfcf011721b0a6d4b370fc30,EPIC 211812160.01,.01,,True,FALSE POSITIVE,Yu et al. 2018,archive_false_positive,false_positive_eb_or_variable,"5, 16, 18","[""5"",""16"",""18""]",1.085097,k2pandc.pl_orbper,nea_k2pandc:retrieved_2026-08-05:raw/k2pandc.csv#data_row=2126;csv_line=2127:pl_orbper,False,True,,False,retrieved_2026-08-05,2026-08-05T17:08:18.2375669Z,609b8c3eedbc02d8e43783be183ecea62e2074042c872ab10cbdd406d7b2676d,raw/k2pandc.csv#data_row=2126;csv_line=2127,NASA Exoplanet Archive k2pandc; DOI 10.26133/NEA19
EPIC_212012387,6ce3fcb94d957dd12978e64fe5db7a82369e3aa93798db6bfbe539f5f8664af0,EPIC 212012387.01,.01,,True,FALSE POSITIVE,Yu et al. 2018,archive_false_positive,false_positive_eb_or_variable,"5, 16","[""5"",""16""]",3.244126,k2pandc.pl_orbper,nea_k2pandc:retrieved_2026-08-05:raw/k2pandc.csv#data_row=2380;csv_line=2381:pl_orbper,False,True,,False,retrieved_2026-08-05,2026-08-05T17:08:18.2375669Z,609b8c3eedbc02d8e43783be183ecea62e2074042c872ab10cbdd406d7b2676d,raw/k2pandc.csv#data_row=2380;csv_line=2381,NASA Exoplanet Archive k2pandc; DOI 10.26133/NEA19
EPIC_212020442,6c15e572aa0e223374a431661a7410a75e7bec072e1145302887c9f75e35c245,EPIC 212020442.01,.01,,True,FALSE POSITIVE,Yu et al. 2018,archive_false_positive,false_positive_eb_or_variable,"5, 16","[""5"",""16""]",3.888853,k2pandc.pl_orbper,nea_k2pandc:retrieved_2026-08-05:raw/k2pandc.csv#data_row=2382;csv_line=2383:pl_orbper,False,True,,False,retrieved_2026-08-05,2026-08-05T17:08:18.2375669Z,609b8c3eedbc02d8e43783be183ecea62e2074042c872ab10cbdd406d7b2676d,raw/k2pandc.csv#data_row=2382;csv_line=2383,NASA Exoplanet Archive k2pandc; DOI 10.26133/NEA19
EPIC_212066407,5031623cd748d938184f17667086079e7f553752b11ad95f8ce0cce56d666242,EPIC 212066407.01,.01,,True,CANDIDATE,Kruse et al. 2019,archive_candidate,candidate_like,"5, 18","[""5"",""18""]",0.8218241,k2pandc.pl_orbper,nea_k2pandc:retrieved_2026-08-05:raw/k2pandc.csv#data_row=2410;csv_line=2411:pl_orbper,False,True,,False,retrieved_2026-08-05,2026-08-05T17:08:18.2375669Z,609b8c3eedbc02d8e43783be183ecea62e2074042c872ab10cbdd406d7b2676d,raw/k2pandc.csv#data_row=2410;csv_line=2411,NASA Exoplanet Archive k2pandc; DOI 10.26133/NEA19
EPIC_212066407,23482983dedc252d46aa53bed1f51df1fcc7d2a2c957f5a93aad3c4bd0c5caba,EPIC 212066407.01,.01,,False,CANDIDATE,Kruse et al. 2019,archive_candidate,candidate_like,"5, 18","[""5"",""18""]",0.82182448,k2pandc.pl_orbper,nea_k2pandc:retrieved_2026-08-05:raw/k2pandc.csv#data_row=2411;csv_line=2412:pl_orbper,False,False,non_default_solution,False,retrieved_2026-08-05,2026-08-05T17:08:18.2375669Z,609b8c3eedbc02d8e43783be183ecea62e2074042c872ab10cbdd406d7b2676d,raw/k2pandc.csv#data_row=2411;csv_line=2412,NASA Exoplanet Archive k2pandc; DOI 10.26133/NEA19
EPIC_212066407,f46d728f5f391ebd961061859d21059c1baa76e877c7ce07f4c041359f903dfe,EPIC 212066407.01,.01,,False,CANDIDATE,Kruse et al. 2019,archive_candidate,candidate_like,"5, 18","[""5"",""18""]",0.822,k2pandc.pl_orbper,nea_k2pandc:retrieved_2026-08-05:raw/k2pandc.csv#data_row=2412;csv_line=2413:pl_orbper,False,False,non_default_solution,False,retrieved_2026-08-05,2026-08-05T17:08:18.2375669Z,609b8c3eedbc02d8e43783be183ecea62e2074042c872ab10cbdd406d7b2676d,raw/k2pandc.csv#data_row=2412;csv_line=2413,NASA Exoplanet Archive k2pandc; DOI 10.26133/NEA19
